,2017년01월,,,2017년02월,,,2017년03월,,,2017년04월,,,2017년05월,,,2017년06월,,,2017년07월,,,2017년08월,,,2017년09월,,,2017년10월,,,2017년11월,,,2017년12월,,,2018년01월,,,2018년02월,,,2018년03월,,,2018년04월,,,2018년05월,,,2018년06월,,,2018년07월,,,2018년08월,,,2018년09월,,,2018년10월,,,2018년11월,,,2018년12월,,,2019년01월,,,2019년02월,,,2019년03월,,,2019년04월,,,2019년05월,,,2019년06월,,,2019년07월,,,2019년08월,,,2019년09월,,,2019년10월,,,2019년11월,,,2019년12월,,,2020년01월,,,2020년02월,,,2020년03월,,,2020년04월,,,2020년05월,,,2020년06월,,,2020년07월,,,2020년08월,,,2020년09월,,,2020년10월,,,2020년11월,,,2020년12월,,,2021년01월,,,2021년02월,,,2021년03월,,,2021년04월,,,2021년05월,,,2021년06월,,,2021년07월,,,2021년08월,,,2021년09월,,,2021년10월,,,2021년11월,,,2021년12월,,,2022년01월,,,2022년02월,,,2022년03월,,,2022년04월,,,2022년05월,,,2022년06월,,,2022년07월,,,2022년08월,,,2022년09월,,,2022년10월,,,2022년11월,,,2022년12월,,,2023년01월,,,2023년02월,,,2023년03월,,,2023년04월,,,2023년05월,,,2023년06월,,,2023년07월,,,2023년08월,,,2023년09월,,,2023년10월,,,2023년11월,,,2023년12월,,,2024년01월,,,2024년02월,,,2024년03월,,,2024년04월,,,2024년05월,,,2024년06월,,,2024년07월,,,2024년08월,,,2024년09월,,,2024년10월,,,2024년11월,,,2024년12월,,,2025년01월,,,2025년02월,,,2025년03월,,,2025년04월,,,2025년05월,,,2025년06월,,,2025년07월,,,2025년08월,,,2025년09월,,
(사업장)시도,피보험자수(전체),취득자수(월),상실자수(월),피보험자수(전체),취득자수(월),상실자수(월),피보험자수(전체),취득자수(월),상실자수(월),피보험자수(전체),취득자수(월),상실자수(월),피보험자수(전체),취득자수(월),상실자수(월),피보험자수(전체),취득자수(월),상실자수(월),피보험자수(전체),취득자수(월),상실자수(월),피보험자수(전체),취득자수(월),상실자수(월),피보험자수(전체),취득자수(월),상실자수(월),피보험자수(전체),취득자수(월),상실자수(월),피보험자수(전체),취득자수(월),상실자수(월),피보험자수(전체),취득자수(월),상실자수(월),피보험자수(전체),취득자수(월),상실자수(월),피보험자수(전체),취득자수(월),상실자수(월),피보험자수(전체),취득자수(월),상실자수(월),피보험자수(전체),취득자수(월),상실자수(월),피보험자수(전체),취득자수(월),상실자수(월),피보험자수(전체),취득자수(월),상실자수(월),피보험자수(전체),취득자수(월),상실자수(월),피보험자수(전체),취득자수(월),상실자수(월),피보험자수(전체),취득자수(월),상실자수(월),피보험자수(전체),취득자수(월),상실자수(월),피보험자수(전체),취득자수(월),상실자수(월),피보험자수(전체),취득자수(월),상실자수(월),피보험자수(전체),취득자수(월),상실자수(월),피보험자수(전체),취득자수(월),상실자수(월),피보험자수(전체),취득자수(월),상실자수(월),피보험자수(전체),취득자수(월),상실자수(월),피보험자수(전체),취득자수(월),상실자수(월),피보험자수(전체),취득자수(월),상실자수(월),피보험자수(전체),취득자수(월),상실자수(월),피보험자수(전체),취득자수(월),상실자수(월),피보험자수(전체),취득자수(월),상실자수(월),피보험자수(전체),취득자수(월),상실자수(월),피보험자수(전체),취득자수(월),상실자수(월),피보험자수(전체),취득자수(월),상실자수(월),피보험자수(전체),취득자수(월),상실자수(월),피보험자수(전체),취득자수(월),상실자수(월),피보험자수(전체),취득자수(월),상실자수(월),피보험자수(전체),취득자수(월),상실자수(월),피보험자수(전체),취득자수(월),상실자수(월),피보험자수(전체),취득자수(월),상실자수(월),피보험자수(전체),취득자수(월),상실자수(월),피보험자수(전체),취득자수(월),상실자수(월),피보험자수(전체),취득자수(월),상실자수(월),피보험자수(전체),취득자수(월),상실자수(월),피보험자수(전체),취득자수(월),상실자수(월),피보험자수(전체),취득자수(월),상실자수(월),피보험자수(전체),취득자수(월),상실자수(월),피보험자수(전체),취득자수(월),상실자수(월),피보험자수(전체),취득자수(월),상실자수(월),피보험자수(전체),취득자수(월),상실자수(월),피보험자수(전체),취득자수(월),상실자수(월),피보험자수(전체),취득자수(월),상실자수(월),피보험자수(전체),취득자수(월),상실자수(월),피보험자수(전체),취득자수(월),상실자수(월),피보험자수(전체),취득자수(월),상실자수(월),피보험자수(전체),취득자수(월),상실자수(월),피보험자수(전체),취득자수(월),상실자수(월),피보험자수(전체),취득자수(월),상실자수(월),피보험자수(전체),취득자수(월),상실자수(월),피보험자수(전체),취득자수(월),상실자수(월),피보험자수(전체),취득자수(월),상실자수(월),피보험자수(전체),취득자수(월),상실자수(월),피보험자수(전체),취득자수(월),상실자수(월),피보험자수(전체),취득자수(월),상실자수(월),피보험자수(전체),취득자수(월),상실자수(월),피보험자수(전체),취득자수(월),상실자수(월),피보험자수(전체),취득자수(월),상실자수(월),피보험자수(전체),취득자수(월),상실자수(월),피보험자수(전체),취득자수(월),상실자수(월),피보험자수(전체),취득자수(월),상실자수(월),피보험자수(전체),취득자수(월),상실자수(월),피보험자수(전체),취득자수(월),상실자수(월),피보험자수(전체),취득자수(월),상실자수(월),피보험자수(전체),취득자수(월),상실자수(월),피보험자수(전체),취득자수(월),상실자수(월),피보험자수(전체),취득자수(월),상실자수(월),피보험자수(전체),취득자수(월),상실자수(월),피보험자수(전체),취득자수(월),상실자수(월),피보험자수(전체),취득자수(월),상실자수(월),피보험자수(전체),취득자수(월),상실자수(월),피보험자수(전체),취득자수(월),상실자수(월),피보험자수(전체),취득자수(월),상실자수(월),피보험자수(전체),취득자수(월),상실자수(월),피보험자수(전체),취득자수(월),상실자수(월),피보험자수(전체),취득자수(월),상실자수(월),피보험자수(전체),취득자수(월),상실자수(월),피보험자수(전체),취득자수(월),상실자수(월),피보험자수(전체),취득자수(월),상실자수(월),피보험자수(전체),취득자수(월),상실자수(월),피보험자수(전체),취득자수(월),상실자수(월),피보험자수(전체),취득자수(월),상실자수(월),피보험자수(전체),취득자수(월),상실자수(월),피보험자수(전체),취득자수(월),상실자수(월),피보험자수(전체),취득자수(월),상실자수(월),피보험자수(전체),취득자수(월),상실자수(월),피보험자수(전체),취득자수(월),상실자수(월),피보험자수(전체),취득자수(월),상실자수(월),피보험자수(전체),취득자수(월),상실자수(월),피보험자수(전체),취득자수(월),상실자수(월),피보험자수(전체),취득자수(월),상실자수(월),피보험자수(전체),취득자수(월),상실자수(월),피보험자수(전체),취득자수(월),상실자수(월),피보험자수(전체),취득자수(월),상실자수(월)
총계,"12,562,299","636,679","721,941","12,657,292","605,203","498,543","12,700,202","768,664","703,324","12,804,259","650,989","525,059","12,817,761","487,795","460,956","12,833,519","528,512","504,416","12,856,439","600,214","577,023","12,867,857","528,115","511,849","12,896,356","602,001","570,729","12,941,666","450,468","393,692","12,987,360","552,272","498,250","12,958,825","487,497","513,972","12,826,336","723,927","857,639","12,948,805","595,109","467,361","12,996,438","775,694","715,413","13,110,891","673,476","541,662","13,151,192","547,061","499,005","13,176,226","546,453","519,022","13,196,979","617,964","596,845","13,230,609","558,174","520,249","13,301,210","577,741","497,734","13,374,499","570,620","478,731","13,447,383","575,603","495,827","13,432,497","505,633","519,973","13,328,191","802,184","903,145","13,443,756","577,449","458,187","13,524,735","798,744","702,140","13,632,086","681,740","554,475","13,685,649","577,378","513,901","13,708,056","526,342","502,701","13,743,470","650,365","613,085","13,778,419","552,474","512,093","13,812,955","537,437","491,527","13,888,570","590,826","499,211","13,927,473","560,539","514,747","13,864,138","481,270","539,614","13,707,119","726,263","875,330","13,823,936","682,838","561,034","13,782,154","690,920","726,330","13,801,162","561,945","529,994","13,847,933","488,275","434,672","13,899,138","521,712","462,367","13,936,612","613,581","570,791","14,048,509","598,898","480,690","14,157,571","653,013","533,878","14,261,703","583,871","464,555","14,329,709","558,745","482,069","14,111,690","543,047","756,842","13,885,859","757,048","977,176","14,025,756","614,459","469,995","14,116,137","802,891","698,522","14,232,249","695,954","560,020","14,299,710","578,391","502,030","14,369,563","614,142","535,008","14,430,340","704,610","637,191","14,473,519","578,892","527,201","14,555,511","636,059","546,564","14,625,705","611,415","524,444","14,671,347","594,928","539,597","14,550,033","571,967","689,111","14,438,886","879,022","983,776","14,595,379","657,625","493,856","14,676,841","867,015","769,301","14,792,111","728,169","594,927","14,825,467","602,509","563,537","14,848,311","602,971","577,074","14,866,406","682,910","657,188","14,905,396","606,136","556,668","14,939,136","617,098","572,988","14,982,632","582,018","523,362","14,996,020","587,773","569,184","14,898,502","551,112","638,440","14,761,181","810,733","938,601","14,958,108","750,996","542,501","15,053,452","902,301","783,635","15,154,833","693,339","583,416","15,197,643","572,953","525,359","15,229,122","590,675","548,691","15,242,678","645,652","624,579","15,270,762","594,749","556,309","15,301,439","606,312","564,451","15,327,692","520,518","479,882","15,334,775","571,986","557,793","15,199,534","493,140","624,344","15,107,412","890,948","973,157","15,276,518","677,586","499,476","15,330,552","818,243","746,332","15,404,228","660,323","565,638","15,444,260","571,462","521,894","15,461,483","538,920","512,644","15,471,699","644,261","627,586","15,497,507","566,474","531,320","15,502,620","528,450","514,948","15,543,054","582,215","522,826","15,529,954","556,050","559,382","15,364,809","490,792","650,496","15,229,146","812,472","948,447","15,436,996","740,900","524,623","15,490,799","791,790","719,271","15,594,564","684,451","559,950","15,636,248","540,174","490,372","15,647,840","500,577","481,138","15,658,178","630,129","612,607","15,686,541","545,057","507,000","15,701,381","593,209","566,846"
서울특별시,"4,049,606","197,793","227,619","4,081,985","205,129","167,145","4,083,581","228,423","217,331","4,120,721","217,113","172,618","4,127,876","158,155","146,087","4,132,191","168,560","161,909","4,135,660","195,990","192,483","4,146,066","180,738","167,879","4,145,126","188,588","186,624","4,161,443","151,678","132,720","4,172,193","174,051","160,643","4,173,526","161,175","159,322","4,122,529","227,448","278,513","4,162,976","199,979","157,319","4,160,522","223,747","224,672","4,196,564","221,897","180,991","4,217,109","180,398","158,808","4,224,106","176,543","169,503","4,226,663","195,182","191,675","4,231,005","186,862","170,382","4,247,121","181,176","161,687","4,269,962","181,452","153,012","4,283,467","174,077","158,056","4,284,459","161,081","158,948","4,238,125","236,753","279,718","4,272,069","186,182","151,562","4,279,102","218,834","208,889","4,308,771","214,288","176,929","4,326,369","180,980","159,416","4,334,575","164,141","156,023","4,337,390","197,623","193,354","4,350,761","183,868","167,766","4,354,497","161,336","154,402","4,369,547","177,985","157,136","4,373,967","176,897","168,386","4,368,870","153,952","158,426","4,320,670","209,188","254,658","4,347,814","206,294","177,326","4,324,176","198,289","218,934","4,313,252","169,486","172,783","4,313,961","134,764","131,199","4,319,120","149,983","141,761","4,321,599","178,395","174,402","4,337,958","164,128","145,820","4,348,801","176,241","162,320","4,375,349","171,620","138,520","4,390,292","159,269","139,902","4,368,842","167,866","187,748","4,293,215","199,892","276,369","4,321,035","176,495","147,551","4,329,651","212,891","199,558","4,357,801","214,422","173,475","4,380,297","170,421","145,123","4,399,857","180,061","157,716","4,417,442","214,802","194,697","4,431,526","177,115","161,424","4,452,777","184,344","161,274","4,472,386","186,155","158,573","4,486,293","174,772","157,130","4,474,950","183,012","187,595","4,430,855","239,082","280,723","4,470,503","196,887","155,076","4,478,249","236,465","223,773","4,516,488","230,038","184,435","4,529,964","182,770","166,659","4,539,126","183,687","170,970","4,551,634","210,455","197,392","4,564,704","188,194","171,783","4,573,370","187,700","177,938","4,590,805","175,547","157,541","4,596,820","168,601","160,087","4,584,818","168,614","178,243","4,533,868","216,568","266,561","4,575,733","212,456","164,240","4,578,274","241,854","226,874","4,603,909","211,599","184,059","4,615,941","169,150","153,104","4,625,841","172,777","157,306","4,623,764","188,313","188,244","4,636,024","183,358","169,630","4,642,898","179,479","170,050","4,650,455","153,154","141,800","4,655,460","163,947","157,357","4,634,520","147,177","166,524","4,580,661","228,097","281,034","4,616,536","192,803","155,183","4,616,624","219,024","213,763","4,635,631","202,177","174,859","4,648,400","168,953","153,184","4,652,829","160,262","153,112","4,647,653","190,843","193,031","4,654,531","175,072","164,617","4,648,083","156,628","158,851","4,654,231","167,986","153,336","4,657,763","161,775","155,857","4,637,678","147,228","165,982","4,577,382","213,212","272,635","4,618,910","204,570","158,798","4,620,607","209,349","202,613","4,645,573","203,921","170,430","4,660,740","161,071","143,659","4,659,625","147,964","139,952","4,659,013","184,616","183,921","4,667,482","165,208","153,859","4,666,815","169,099","168,123"
부산광역시,"675,032","36,009","43,498","678,371","32,578","28,589","679,524","43,466","40,934","685,819","38,512","30,093","686,386","28,082","26,466","687,733","30,294","28,225","689,838","34,889","33,008","690,682","29,267","28,063","689,350","31,523","32,379","691,477","25,626","22,190","692,871","30,713","28,875","691,113","26,732","28,155","683,021","39,963","49,280","688,815","30,849","24,922","690,970","43,752","40,736","697,884","38,312","30,539","699,348","29,877","27,929","699,896","29,132","28,286","700,232","33,483","32,707","701,493","29,183","27,527","703,084","31,488","29,147","706,250","31,734","27,472","708,638","30,340","27,536","707,694","27,686","28,322","699,190","45,585","53,732","703,985","29,335","24,548","707,777","46,028","41,075","714,465","39,242","31,494","716,164","30,742","28,611","717,321","29,786","27,802","718,655","34,145","32,890","720,847","29,803","27,308","721,795","29,590","27,720","726,209","33,872","28,621","727,557","30,315","28,627","725,437","26,657","28,489","714,346","40,800","51,511","720,874","38,102","31,522","715,695","37,061","41,574","715,905","29,528","28,875","718,964","26,234","23,418","722,695","28,956","24,653","725,159","32,386","29,686","731,438","32,056","25,708","740,489","40,748","30,707","745,450","32,082","26,271","749,062","31,048","26,884","730,809","28,212","46,782","718,515","41,322","53,446","724,104","30,298","23,880","728,348","44,277","39,942","734,140","38,363","31,660","738,276","31,237","26,949","740,644","33,972","30,762","744,713","38,123","33,576","747,306","30,873","27,871","751,412","35,401","30,892","754,902","34,839","30,292","756,549","32,731","30,672","748,358","30,650","38,489","742,108","48,391","54,479","749,581","34,422","26,304","752,906","47,797","43,602","758,973","39,295","32,544","760,955","33,801","31,531","762,233","34,765","33,437","763,982","36,940","34,402","765,947","32,288","29,644","767,223","33,638","31,769","769,658","33,846","29,976","768,792","31,956","32,553","762,540","30,501","36,015","756,781","44,963","50,336","765,036","39,141","30,204","768,179","48,693","44,849","773,142","38,278","31,992","775,111","32,760","30,955","775,612","32,312","31,285","777,457","36,950","34,596","778,488","32,733","30,907","778,596","33,694","32,743","779,844","30,371","28,044","778,629","31,359","32,216","771,074","27,776","34,964","767,414","51,462","53,968","777,098","37,740","27,268","779,568","47,169","43,433","783,887","37,172","31,710","785,970","32,560","29,396","786,228","30,537","29,706","787,767","36,044","33,863","789,231","31,434","29,488","789,188","30,678","30,062","791,717","35,490","32,111","789,206","31,377","33,197","778,579","27,874","38,106","772,934","45,917","51,206","785,542","42,834","29,442","786,801","45,709","42,732","791,233","38,245","32,189","792,352","30,565","28,857","792,425","28,873","28,207","793,647","35,851","33,967","794,975","30,182","27,913","794,802","34,878","33,559"
대구광역시,"430,197","23,532","28,493","434,504","22,658","17,987","438,449","30,962","26,151","442,884","23,282","18,000","443,638","18,581","17,359","444,425","18,512","17,315","442,738","19,659","20,579","441,040","17,131","18,564","444,494","22,526","18,730","445,991","15,930","13,792","447,864","19,049","17,162","445,197","16,602","19,463","436,338","24,623","33,802","441,080","20,830","15,980","444,766","30,375","26,135","450,430","24,582","18,448","452,341","20,213","17,803","452,859","18,536","17,862","451,509","20,025","21,293","451,079","18,615","18,854","456,195","22,484","17,024","458,477","19,476","16,442","460,466","19,207","17,017","457,874","17,358","20,109","453,347","27,959","32,805","457,572","19,833","15,496","461,656","30,734","25,765","465,111","23,649","19,194","468,211","21,306","17,960","468,931","18,126","17,069","467,081","20,966","22,898","468,628","18,380","16,506","471,588","20,331","16,923","473,324","19,285","16,843","473,668","18,382","17,778","470,268","15,810","18,896","463,753","26,047","32,200","467,344","23,222","19,302","461,919","20,742","25,938","462,543","19,425","18,218","464,884","19,521","16,541","470,090","20,788","15,046","467,734","19,501","21,613","478,855","28,985","17,362","482,760","22,025","17,636","486,433","19,210","15,019","487,608","17,999","16,412","474,866","19,140","31,424","464,970","26,153","36,027","471,578","22,019","14,967","476,875","30,600","24,767","480,601","23,177","18,656","487,596","25,116","17,779","489,499","20,170","17,766","487,191","21,467","23,338","486,348","20,085","20,700","495,911","28,135","18,133","497,749","20,075","17,285","497,520","19,054","18,895","487,494","18,524","28,208","482,525","29,116","33,925","488,131","22,996","17,147","492,739","32,816","27,226","496,681","23,879","19,249","497,931","22,089","20,720","497,853","19,374","19,203","495,876","20,721","22,480","495,023","20,649","21,055","499,512","24,171","19,449","501,061","19,612","17,162","498,741","18,959","21,118","495,825","18,503","20,838","490,365","27,357","31,012","495,179","24,067","18,669","499,043","32,954","27,954","504,517","22,883","18,595","505,584","20,545","18,923","506,696","19,431","17,832","510,056","20,572","21,999","509,640","20,443","19,849","512,270","22,429","18,879","512,972","17,368","16,102","510,890","19,338","21,316","505,260","16,388","21,431","506,554","33,466","32,456","509,706","20,201","16,656","511,389","29,532","27,134","514,737","23,180","18,961","517,996","21,020","17,169","517,884","18,063","17,787","517,758","21,043","21,065","518,334","18,418","17,329","520,035","19,170","17,004","521,938","20,074","17,251","519,391","18,823","20,964","511,990","16,582","23,676","511,962","30,868","30,299","517,545","23,571","17,959","518,782","28,577","26,695","523,612","24,600","18,687","525,644","18,880","16,393","525,362","17,887","17,985","524,706","21,383","21,666","526,067","18,968","17,177","528,094","21,608","18,980"
인천광역시,"536,299","28,098","30,507","538,972","27,073","23,570","542,628","34,913","30,671","546,276","28,098","23,772","547,814","22,704","20,436","549,201","24,888","23,163","550,419","27,552","25,730","551,076","24,357","23,835","554,365","27,977","24,403","555,278","18,905","17,452","556,292","25,576","24,098","556,535","23,759","23,454","552,015","33,206","38,066","557,311","27,380","21,213","561,583","37,703","32,428","564,921","30,144","26,070","566,010","24,423","22,495","568,466","26,912","23,597","569,639","29,069","28,246","571,331","26,649","24,840","576,083","27,463","22,564","578,633","27,437","24,115","581,997","27,245","23,474","580,706","23,500","24,396","574,988","36,106","41,541","582,952","29,050","21,471","587,915","37,864","32,316","592,902","32,316","27,087","594,645","26,131","24,059","595,771","24,423","22,817","597,750","29,795","27,725","599,094","25,238","23,762","599,942","23,623","22,281","602,005","27,185","24,711","602,840","25,677","23,634","598,868","22,208","25,987","594,309","32,542","36,709","598,359","30,522","25,962","597,285","34,074","34,746","598,833","26,347","24,976","602,689","24,005","19,682","605,278","24,650","21,766","609,229","29,921","25,663","613,708","27,625","22,816","629,083","40,053","24,215","638,310","31,020","21,564","640,641","25,247","22,660","613,672","24,184","51,201","607,003","34,529","39,547","614,672","27,917","20,377","621,171","40,776","33,384","627,352","31,843","24,834","630,813","26,229","22,680","634,150","28,823","25,114","637,152","33,743","30,415","641,063","28,968","24,574","647,002","31,177","24,844","649,676","27,494","23,867","651,346","27,244","25,291","643,896","26,346","34,258","641,667","41,997","43,815","646,841","29,230","23,642","653,926","43,652","36,011","659,401","33,481","27,644","661,653","28,291","26,174","662,813","28,357","27,542","660,497","31,479","32,109","662,996","29,426","26,596","665,768","29,446","26,067","666,928","26,867","24,776","665,431","26,109","27,444","659,190","25,690","31,353","654,647","38,320","43,040","661,652","34,110","26,226","668,197","45,832","38,109","672,937","32,724","27,383","676,538","27,430","24,132","677,105","28,205","27,548","677,378","29,768","28,963","678,016","27,389","26,351","679,778","28,772","26,106","680,045","24,633","23,526","678,362","27,176","28,276","671,357","24,249","31,194","672,766","45,508","43,673","677,882","29,022","23,304","683,536","42,356","35,842","686,215","29,844","26,227","689,188","27,484","24,010","690,679","26,277","24,383","691,282","28,846","27,675","692,451","26,712","24,913","692,980","24,583","23,516","694,678","27,446","25,104","690,612","26,011","29,685","683,298","23,460","30,617","680,193","38,819","41,643","689,043","33,270","23,810","694,786","42,272","35,687","699,506","32,352","26,755","702,519","25,739","22,652","709,434","25,067","24,271","710,568","29,807","27,998","712,194","27,226","24,855","712,504","28,480","27,581"
광주광역시,"258,252","14,321","16,328","260,090","12,373","10,337","260,818","17,594","16,466","263,570","14,468","10,955","264,112","10,812","9,702","265,054","11,899","10,765","266,287","12,487","11,976","265,842","11,564","11,453","267,166","14,816","13,043","267,257","9,332","8,848","268,309","11,912","10,537","267,891","11,379","11,744","265,810","16,243","19,066","267,222","12,338","10,865","268,731","18,282","16,726","272,768","15,642","11,602","273,941","11,631","10,284","274,568","12,153","11,254","274,420","12,405","12,723","274,646","11,667","11,164","276,256","12,982","11,210","278,949","14,595","11,084","280,875","12,811","10,423","280,718","12,632","12,635","277,956","19,336","21,873","279,945","12,697","10,569","282,807","21,630","18,120","285,627","16,445","12,976","286,228","12,667","11,676","287,648","12,843","11,333","288,757","14,285","14,111","289,225","12,980","12,231","289,716","12,763","12,128","292,161","13,363","10,736","292,844","11,975","11,045","290,557","10,987","12,982","286,983","18,040","21,971","290,006","15,807","12,398","289,775","17,066","17,111","292,130","13,996","11,319","293,951","11,427","9,307","295,627","12,638","10,653","297,951","15,375","12,879","299,447","12,978","11,200","305,054","17,957","12,202","306,741","13,318","11,247","308,815","13,398","10,920","302,541","12,983","19,015","293,925","19,102","27,697","297,968","15,253","10,882","299,254","19,893","17,895","302,095","16,026","12,618","304,835","14,348","11,318","305,622","13,792","12,557","308,290","17,120","14,133","309,548","13,140","11,556","310,627","15,115","13,876","312,827","15,587","12,965","313,889","13,600","12,274","309,402","13,008","17,238","305,726","21,727","25,222","309,145","15,568","11,693","310,529","20,620","18,588","311,756","15,821","13,614","313,202","13,770","12,015","313,343","13,223","12,965","313,973","15,104","14,270","314,100","12,767","12,433","314,808","13,443","12,468","315,497","13,332","12,109","314,975","12,860","13,822","314,021","12,197","11,919","307,775","20,073","24,640","312,162","17,449","12,550","314,023","20,748","18,344","315,640","15,089","12,993","316,539","12,355","11,422","316,987","12,800","11,998","317,348","14,109","13,966","317,250","12,960","12,480","318,612","14,269","12,429","318,543","11,222","10,800","317,711","12,867","13,382","314,621","11,336","14,399","313,280","23,839","24,652","317,009","16,133","11,781","317,475","18,889","17,935","318,510","14,512","12,962","319,154","12,650","11,698","319,428","12,090","11,513","319,298","13,970","13,999","319,619","12,680","12,040","319,824","11,886","11,393","320,589","12,793","11,740","318,727","12,784","14,406","314,057","10,745","15,204","312,894","22,573","23,560","317,767","17,495","11,990","319,516","19,824","17,144","321,910","14,940","12,848","322,714","11,673","10,553","322,541","11,241","11,121","322,466","13,704","13,288","323,129","12,428","11,414","323,834","14,348","13,143"
대전광역시,"342,777","16,766","20,901","344,423","14,209","12,056","345,483","19,351","17,760","348,400","15,992","12,417","349,575","11,944","10,392","349,258","12,124","12,653","348,886","13,406","14,059","349,298","12,295","11,615","351,630","15,698","13,157","353,555","11,286","8,702","354,745","13,379","11,826","353,530","11,134","12,038","350,521","18,679","23,408","353,171","14,055","12,945","354,647","19,613","17,640","358,309","17,174","12,486","357,641","12,008","11,988","359,605","13,761","11,919","358,587","15,234","16,313","360,722","15,453","13,071","365,750","18,397","12,817","369,864","16,187","11,175","373,553","15,060","11,095","372,815","12,315","12,727","369,392","22,800","26,491","372,089","14,322","11,302","375,559","22,850","19,018","380,254","19,127","13,842","383,403","16,133","12,737","384,009","13,543","12,909","384,900","17,044","16,057","386,343","13,726","12,173","388,244","14,884","12,538","390,268","15,693","12,906","391,698","14,303","12,614","390,673","12,827","13,658","382,508","20,726","25,010","385,785","16,832","13,608","385,260","19,390","19,312","386,565","14,831","12,587","389,165","12,627","9,786","391,387","13,873","11,318","391,679","15,537","14,913","397,104","17,616","11,933","403,504","20,842","14,206","408,338","17,205","11,851","410,827","15,290","12,590","404,056","15,119","21,837","397,344","23,377","29,574","397,608","15,607","15,115","399,068","21,559","19,771","401,500","17,731","14,793","403,023","14,718","12,655","405,611","16,813","13,816","406,543","18,377","16,827","407,760","14,397","13,172","410,163","17,637","15,015","412,409","16,616","13,971","413,117","15,332","14,210","408,639","13,825","18,089","404,781","25,235","29,331","408,642","16,484","12,326","410,622","23,910","21,678","414,085","19,612","15,444","415,719","15,108","13,154","417,254","15,801","14,242","418,992","19,823","17,866","419,156","15,349","14,869","418,676","15,776","15,888","421,025","15,744","13,099","421,555","15,668","14,645","417,958","14,031","17,160","412,772","21,669","26,650","416,753","18,076","13,548","418,561","23,650","20,877","421,912","17,577","13,511","423,677","15,739","12,720","425,620","14,747","12,925","425,159","16,898","17,159","425,251","14,081","13,590","425,726","15,690","14,843","426,820","13,103","11,614","427,076","14,336","13,602","421,874","11,694","16,928","419,521","23,996","26,397","423,441","16,557","12,536","424,453","21,717","20,227","427,117","17,845","14,046","428,851","14,788","12,744","428,850","12,768","12,336","427,824","17,323","17,702","428,943","14,759","13,356","428,763","14,794","14,712","431,026","15,481","12,972","430,576","14,195","14,326","425,043","12,601","17,986","422,480","23,337","26,825","427,841","18,817","13,254","430,467","22,745","19,638","433,969","18,377","13,987","436,236","14,404","11,996","437,247","13,363","12,133","437,314","16,555","16,332","438,682","13,729","12,206","439,010","16,561","15,833"
울산광역시,"306,382","15,040","20,958","306,362","11,640","11,535","306,340","15,946","15,632","303,687","12,594","15,793","301,373","9,484","11,701","301,277","11,279","10,962","301,280","11,897","12,081","299,781","9,053","10,914","300,266","10,758","10,138","300,226","8,513","8,293","300,211","10,502","10,729","299,384","9,223","10,212","296,294","16,087","18,884","296,997","9,936","8,954","297,296","14,689","14,077","298,709","11,862","10,405","299,490","11,130","10,218","299,380","11,895","12,223","299,593","11,643","11,258","299,173","9,587","9,945","301,076","11,005","8,965","301,859","9,747","8,625","303,018","12,052","10,752","302,879","10,077","9,684","300,883","17,288","19,083","302,952","11,138","8,985","305,773","15,786","13,441","307,118","11,849","10,213","308,302","10,660","9,199","308,666","10,430","9,953","309,432","12,005","11,061","310,829","9,794","8,759","311,294","9,084","8,385","313,263","11,324","8,812","313,559","10,119","9,574","312,756","8,877","9,297","307,586","16,367","21,285","309,681","13,173","10,994","309,505","13,194","13,262","310,221","10,136","9,267","311,161","9,108","8,061","312,493","9,836","8,217","313,760","13,346","11,902","315,895","11,533","9,270","319,162","12,894","9,504","319,848","9,914","9,024","321,730","11,782","9,786","317,769","10,200","13,991","308,552","17,200","25,206","310,077","10,143","8,321","311,414","15,460","13,744","313,729","12,173","9,611","315,446","10,565","8,740","317,056","10,724","8,906","317,211","11,877","11,551","317,861","9,990","9,261","318,478","10,817","10,103","320,479","11,433","9,211","321,065","11,113","10,347","319,180","11,209","12,719","315,949","20,072","23,339","318,502","11,266","8,730","319,863","16,105","14,190","320,914","12,435","10,969","322,154","11,190","9,917","322,835","10,884","10,015","322,871","12,305","12,044","323,260","10,407","9,956","324,229","11,356","10,090","324,433","10,262","9,726","323,207","11,121","12,116","322,291","10,846","11,493","318,624","17,936","21,260","321,252","13,269","10,393","323,692","16,873","14,244","325,416","12,413","10,407","326,751","11,263","9,708","327,690","11,072","9,991","328,410","11,998","11,088","328,660","10,667","10,278","329,945","11,812","10,122","331,458","10,692","8,894","330,598","12,294","12,972","328,848","9,850","11,386","326,489","21,103","22,947","329,170","12,111","9,220","330,798","15,746","13,786","332,530","12,075","9,870","333,466","11,138","9,876","335,071","10,693","8,802","336,038","12,362","11,304","336,326","10,591","10,033","337,020","9,793","8,911","337,870","10,921","9,664","337,488","10,620","10,813","335,066","9,596","11,873","332,721","19,411","21,791","335,698","12,867","9,749","336,969","14,503","13,006","339,325","13,259","10,116","340,282","10,088","8,998","340,756","9,191","8,499","341,444","12,450","11,629","341,348","9,707","9,716","342,193","11,392","10,530"
세종특별자치시,"47,466","2,449","2,971","48,311","2,690","2,032","48,796","3,945","3,439","49,555","2,998","1,900","50,079","2,601","1,948","50,380","2,517","1,926","50,554","2,655","2,461","50,681","2,252","1,975","50,696","2,544","2,457","50,939","1,737","1,415","51,291","2,258","1,799","51,072","2,179","2,367","51,583","3,974","3,521","51,937","3,026","2,062","52,522","4,008","3,329","53,200","3,280","2,472","54,082","3,207","2,328","54,469","2,717","2,297","54,990","3,490","3,145","55,321","2,886","2,422","56,154","3,026","2,162","56,563","2,848","2,321","57,625","3,249","2,193","57,311","2,464","2,786","57,627","4,695","4,413","58,210","3,084","2,495","59,217","4,757","3,606","60,371","3,431","2,766","60,248","3,608","2,331","60,596","2,750","2,309","60,588","3,178","3,122","61,196","2,991","2,484","61,249","2,910","2,793","61,706","3,038","2,419","62,755","2,927","2,351","62,176","2,349","2,866","61,536","3,473","3,853","61,774","3,447","3,214","62,021","4,695","4,504","62,600","3,029","2,603","63,396","2,907","2,031","64,511","3,333","2,463","65,335","3,490","2,989","66,115","3,187","2,422","66,834","3,749","2,876","67,173","3,322","2,840","68,047","3,542","2,613","67,124","3,457","4,535","66,437","4,227","4,887","67,328","3,453","2,496","68,537","5,560","4,481","69,246","4,201","3,237","69,945","3,550","2,914","70,389","3,513","3,018","71,174","3,940","3,577","71,620","3,403","2,965","72,181","3,857","3,298","73,646","4,453","2,872","74,336","3,524","2,934","73,081","3,346","4,789","72,559","4,511","5,083","73,717","3,873","2,958","73,908","5,488","5,358","74,455","3,767","3,062","75,219","3,728","3,069","75,555","3,443","3,066","75,621","3,611","3,536","75,987","3,454","2,905","76,034","3,828","3,744","76,490","3,443","2,911","76,723","3,270","3,127","76,214","3,441","3,890","75,694","4,601","5,161","76,999","4,271","3,156","77,756","5,892","5,085","78,627","4,180","3,199","79,389","3,597","3,142","80,001","3,606","3,023","79,952","3,496","3,471","80,655","3,599","3,056","80,971","3,983","3,744","81,432","3,134","2,555","81,469","3,221","3,130","80,452","2,926","3,928","80,184","5,336","5,572","81,420","4,218","2,945","81,430","5,556","5,407","82,756","4,437","3,080","83,089","3,546","3,129","83,387","3,167","2,750","83,510","3,748","3,668","84,032","3,484","2,957","84,376","3,690","3,313","84,452","3,257","3,084","84,641","3,190","2,963","83,532","2,786","3,933","82,587","4,823","5,804","84,540","4,666","3,361","84,876","5,829","5,311","85,862","4,763","3,693","86,570","3,406","2,629","86,975","3,176","2,810","86,799","3,467","3,459","86,929","3,473","3,236","87,043","4,055","3,847"
경기도,"2,761,608","131,999","134,755","2,780,370","122,538","102,220","2,791,534","164,586","150,116","2,811,258","136,361","111,643","2,817,960","106,396","96,916","2,824,926","115,855","107,491","2,834,860","126,935","117,401","2,838,257","114,282","110,802","2,850,903","137,552","126,512","2,859,945","94,780","83,396","2,871,071","120,690","107,736","2,871,503","107,291","105,918","2,859,819","157,244","165,849","2,886,846","128,120","99,105","2,896,395","172,423","157,627","2,916,754","144,039","118,610","2,928,679","123,667","110,688","2,938,308","120,803","111,462","2,946,373","131,573","124,118","2,961,344","121,057","115,218","2,979,778","127,025","107,204","2,994,696","123,092","105,178","3,009,089","125,277","110,113","3,012,336","109,521","108,133","3,010,930","172,902","175,772","3,034,457","120,115","95,309","3,047,242","173,306","154,954","3,065,344","147,821","124,133","3,080,894","128,732","112,952","3,088,741","117,127","110,211","3,103,822","144,837","129,319","3,106,568","117,026","114,136","3,115,742","117,283","105,218","3,130,938","129,414","111,419","3,140,623","121,077","111,592","3,134,245","108,609","113,777","3,118,509","154,733","170,565","3,138,827","143,920","122,777","3,136,469","158,085","160,184","3,144,900","127,220","118,277","3,161,340","114,847","98,231","3,176,345","119,876","104,103","3,187,894","135,184","122,430","3,210,714","136,352","111,952","3,237,490","150,150","121,334","3,263,032","132,100","104,575","3,279,158","125,523","109,182","3,231,130","124,584","171,758","3,204,660","166,762","192,443","3,237,601","138,455","104,619","3,262,427","184,115","157,893","3,294,990","159,729","129,681","3,308,812","133,463","117,328","3,330,205","147,295","124,418","3,340,274","154,782","143,869","3,345,753","132,095","123,749","3,361,972","140,983","123,097","3,378,049","136,537","119,255","3,389,940","137,195","123,951","3,380,853","132,016","145,941","3,366,808","191,402","203,902","3,398,555","147,306","111,775","3,418,095","200,874","178,600","3,444,736","167,831","138,689","3,452,639","140,801","131,865","3,456,902","141,460","136,121","3,455,295","149,198","149,317","3,465,503","143,464","131,170","3,477,809","144,652","130,057","3,481,766","134,223","122,842","3,484,280","133,516","130,413","3,472,837","128,589","139,772","3,451,655","177,182","198,051","3,501,462","174,584","125,771","3,529,153","214,229","185,224","3,552,089","158,572","135,576","3,565,013","133,436","121,877","3,572,338","138,052","129,251","3,574,869","141,852","138,809","3,578,700","137,796","130,484","3,585,734","138,355","129,380","3,592,115","120,803","110,992","3,596,626","132,915","126,489","3,576,429","117,231","137,150","3,561,173","187,673","200,327","3,597,075","153,102","116,666","3,610,187","189,214","172,764","3,624,288","150,051","132,862","3,635,388","134,743","123,132","3,641,196","126,510","119,550","3,643,600","142,479","140,882","3,647,954","129,576","124,739","3,653,832","122,083","116,598","3,664,408","134,902","123,623","3,665,571","128,801","125,944","3,639,390","116,000","141,335","3,612,567","168,377","197,563","3,654,356","162,715","121,347","3,664,831","181,136","167,279","3,688,829","157,438","131,265","3,700,894","126,847","113,521","3,704,187","114,911","110,598","3,704,950","138,405","137,380","3,710,016","126,238","120,076","3,714,808","136,753","129,814"
충청북도,"336,833","17,832","19,662","341,469","17,360","13,041","343,661","21,703","18,981","347,165","17,838","13,654","347,528","13,762","13,185","347,874","14,447","13,644","349,064","16,696","15,763","349,568","14,559","14,361","351,174","17,489","15,727","352,772","12,756","10,972","355,240","15,836","13,412","352,411","12,703","15,775","349,000","19,805","23,217","353,355","17,511","13,158","357,306","23,019","19,269","360,605","19,047","15,081","361,247","15,213","14,516","361,696","15,018","14,519","362,428","18,095","17,293","363,206","14,875","14,502","366,341","17,729","14,423","368,094","15,594","13,284","370,337","18,730","16,358","368,773","14,233","16,152","368,984","26,582","26,380","373,496","18,421","13,691","377,489","23,878","19,967","379,347","20,346","18,010","383,476","19,787","15,532","384,558","15,737","14,535","385,671","19,226","18,199","386,287","15,355","14,620","387,136","17,819","17,080","389,257","16,829","14,325","390,483","16,063","14,433","386,497","13,065","16,898","381,816","22,628","27,255","388,974","25,593","18,112","390,002","23,402","22,255","391,100","16,661","15,456","390,927","14,273","14,097","393,146","16,200","13,870","392,488","17,851","18,362","396,235","16,625","13,196","402,727","22,590","16,028","406,545","17,940","13,782","408,830","16,776","14,232","397,356","15,495","26,919","396,412","27,410","27,500","401,807","19,476","14,255","405,339","25,249","21,139","409,058","21,741","17,344","408,371","17,673","17,830","412,469","20,732","16,650","414,033","20,435","18,716","415,928","17,131","15,108","416,679","19,001","17,982","419,987","20,039","16,264","420,846","17,764","16,300","415,315","16,017","21,345","413,576","30,687","32,205","420,782","19,451","14,795","423,876","26,528","22,624","427,109","22,251","18,248","428,512","18,346","17,049","431,729","19,761","18,174","429,465","21,356","23,358","430,987","17,518","15,771","430,740","18,134","16,374","432,494","17,423","15,327","431,551","18,683","19,021","426,672","18,280","22,666","424,643","26,208","28,280","433,098","24,078","15,828","438,262","28,667","22,909","441,628","20,424","16,847","442,733","17,506","16,651","444,081","19,810","18,376","444,667","19,664","19,288","445,217","16,584","15,781","446,647","18,295","16,807","447,007","15,749","14,220","447,727","17,141","16,323","440,923","14,082","20,671","439,449","29,638","30,704","446,783","22,357","14,762","449,168","24,196","21,278","452,009","19,623","16,207","453,008","16,999","15,924","453,530","15,887","15,158","451,861","19,087","20,641","455,021","18,305","15,006","455,910","16,041","14,901","457,668","17,916","15,562","458,499","17,213","16,020","449,904","13,866","22,407","445,920","24,134","28,112","454,226","25,856","17,294","457,264","24,203","20,628","460,896","20,743","16,807","461,791","16,147","15,370","461,773","15,197","15,015","462,612","19,183","18,089","463,574","17,808","16,588","463,946","18,108","16,608"
충청남도,"457,481","25,395","28,550","461,833","21,426","17,152","466,254","30,799","25,263","472,346","25,645","19,014","473,266","17,503","16,553","473,714","20,045","19,530","474,378","22,704","21,405","474,941","18,991","18,026","476,547","21,646","19,996","480,038","17,503","13,611","482,800","21,144","17,858","480,181","17,328","20,063","475,345","26,326","31,528","479,448","21,465","17,059","483,592","30,634","26,246","488,945","25,570","19,406","489,880","19,626","17,897","490,115","18,996","18,722","490,569","25,164","24,556","491,697","20,983","19,883","494,733","20,433","16,957","497,679","22,107","18,366","500,238","20,240","17,355","497,936","17,394","19,415","493,230","29,319","33,508","497,296","20,975","16,207","500,763","29,904","26,085","507,684","26,865","19,747","508,473","19,967","18,758","508,472","18,878","18,720","510,450","25,774","23,711","510,695","19,384","18,248","512,015","19,386","17,625","516,315","24,487","19,476","518,584","21,121","18,667","515,708","17,849","20,315","511,248","28,682","32,694","516,580","25,693","20,680","516,232","28,124","28,324","519,604","22,564","18,906","521,208","18,408","16,532","522,900","20,265","18,234","527,495","26,477","21,731","530,898","21,730","18,287","535,607","25,489","20,201","538,686","22,412","18,717","540,781","23,206","20,297","535,263","21,060","26,332","528,434","33,369","40,044","535,968","25,423","17,745","539,149","33,701","29,618","543,787","27,505","22,016","545,244","21,894","20,254","546,612","22,452","20,949","549,772","27,701","24,350","550,837","21,185","19,546","553,224","27,452","24,659","555,469","22,966","20,439","558,151","24,469","21,439","551,469","21,360","27,771","549,307","36,015","37,445","556,772","25,798","18,092","561,128","35,146","29,902","565,534","27,984","22,980","566,225","23,220","22,124","566,688","23,232","22,534","568,527","28,048","25,977","569,778","22,465","20,920","570,683","23,385","22,470","572,214","22,445","20,331","579,922","30,594","22,579","573,459","20,506","26,946","569,601","34,382","37,502","580,628","32,653","21,465","585,488","36,490","31,130","589,521","28,998","24,236","590,228","21,994","20,811","592,017","22,428","20,239","594,530","26,377","23,688","596,478","22,979","20,787","599,082","24,466","21,889","600,667","20,822","18,947","602,505","22,183","20,396","594,110","18,873","26,861","591,553","36,721","38,960","601,165","29,525","19,652","605,754","35,917","30,338","608,680","26,663","22,778","609,701","22,846","21,104","610,649","21,452","19,847","613,074","26,179","23,530","613,391","21,411","20,945","614,875","21,345","19,678","616,325","23,497","20,779","617,282","21,738","20,097","606,935","18,645","28,802","602,852","34,854","38,859","613,414","31,293","20,461","617,218","33,954","29,354","620,609","26,935","22,790","621,972","21,459","19,572","622,634","19,771","18,594","624,301","25,791","23,504","625,280","21,264","19,999","625,905","23,372","22,283"
전라남도,"327,794","17,445","21,958","332,114","17,376","12,798","334,023","21,791","19,218","336,907","16,319","13,098","335,602","11,641","12,709","336,802","13,663","12,128","336,859","15,381","15,259","336,910","13,189","12,894","339,261","15,441","13,810","341,093","11,350","9,256","342,542","14,739","13,105","340,173","12,100","14,412","334,499","19,698","25,372","339,828","16,608","11,895","344,787","23,255","17,951","348,622","17,461","13,289","349,339","14,092","13,129","350,243","13,512","12,449","349,743","17,063","17,193","351,329","14,663","13,247","354,419","15,010","11,690","357,544","15,446","11,823","360,700","16,764","13,257","361,855","17,380","16,034","355,183","24,731","31,264","359,057","16,927","12,957","368,604","28,956","19,024","372,671","19,392","14,702","375,884","18,470","15,051","373,358","14,353","16,929","374,620","19,067","17,656","377,929","16,896","13,531","384,006","18,666","12,399","388,196","17,637","12,946","390,750","16,419","13,739","384,176","12,723","19,034","375,230","23,808","32,216","384,322","25,548","16,346","386,579","22,085","19,457","388,952","17,119","14,539","391,962","15,317","12,334","393,659","15,366","13,488","394,055","18,410","17,683","398,955","18,330","13,383","404,438","19,362","13,576","408,646","17,478","12,827","411,657","16,836","13,585","402,625","14,814","23,610","391,685","26,640","37,086","399,086","20,961","13,488","404,725","25,290","19,319","408,481","19,912","15,680","410,103","16,802","14,824","411,704","17,415","15,436","414,036","21,564","19,057","415,448","16,544","14,649","419,353","18,566","14,332","422,274","17,780","14,644","423,583","17,463","15,875","414,506","14,868","23,870","408,991","28,606","34,026","416,333","21,674","14,127","421,867","27,781","21,706","425,834","19,811","15,458","426,372","16,561","15,828","426,284","16,208","16,058","427,183","19,394","18,089","429,034","16,403","14,270","430,529","16,865","15,011","432,232","16,698","14,750","432,731","17,006","16,360","425,797","15,099","21,273","418,765","28,285","33,517","428,223","24,712","14,982","436,143","29,897","21,325","439,984","19,661","15,291","440,817","16,175","15,242","441,560","19,510","18,398","442,343","20,250","18,457","443,271","17,297","15,727","445,157","17,513","15,121","446,536","15,383","13,686","446,471","16,267","16,331","437,252","13,776","22,738","432,793","30,981","34,846","442,793","23,929","13,344","447,947","26,319","20,865","449,906","18,075","15,493","450,505","16,139","15,190","451,130","14,745","13,937","451,140","18,427","18,245","452,797","16,557","14,274","454,184","15,102","13,595","455,718","16,649","14,668","453,936","15,502","16,702","443,433","13,620","23,751","437,449","28,891","34,872","448,560","25,735","14,269","452,640","24,681","20,085","456,240","19,050","14,626","456,829","14,855","14,164","456,610","13,400","13,177","456,165","18,058","18,295","456,778","15,377","14,307","459,705","17,914","14,598"
경상북도,"567,070","27,506","33,432","571,908","24,993","19,820","577,199","35,987","29,818","582,901","27,051","20,527","581,735","18,614","19,136","581,667","21,819","21,792","582,279","24,490","24,707","581,911","20,434","20,568","584,855","24,686","21,673","587,793","19,432","15,963","591,909","24,925","20,619","588,303","18,487","22,212","578,535","29,911","39,704","581,886","22,255","18,351","587,066","36,188","30,219","592,998","27,716","20,872","592,395","20,326","20,564","591,932","21,687","21,965","591,065","25,464","26,519","591,914","20,940","19,864","595,646","23,487","19,534","599,909","25,070","19,927","606,032","26,723","20,417","601,693","19,157","23,733","594,594","34,317","41,168","600,710","23,723","17,461","605,808","37,820","31,381","611,384","26,970","21,396","610,487","21,568","21,955","611,195","20,656","19,951","610,464","25,748","26,387","611,974","21,341","19,756","613,993","23,008","20,240","619,133","24,881","19,383","623,832","25,081","20,531","618,597","18,797","23,814","608,296","32,684","42,367","614,441","28,312","21,922","612,291","28,515","30,564","613,210","21,795","20,076","616,361","22,237","18,593","618,420","22,162","19,541","619,733","25,377","23,884","625,199","26,211","20,568","629,140","25,474","21,207","633,248","23,827","19,161","638,905","26,374","20,592","628,514","21,638","32,035","616,316","36,612","49,160","624,907","26,795","18,056","630,515","36,859","30,942","634,719","27,447","22,467","636,377","22,994","21,164","638,566","24,769","22,182","641,987","29,279","25,622","645,390","24,783","20,737","650,022","28,185","23,137","651,874","24,049","21,575","656,547","26,579","21,637","646,754","22,065","31,579","643,618","43,853","46,643","649,400","26,846","20,523","657,391","41,402","33,111","661,805","28,832","23,801","662,003","23,778","23,272","661,236","23,819","24,611","662,007","27,892","26,680","664,369","24,681","21,784","665,326","24,865","23,387","667,052","23,761","21,480","668,186","26,786","25,702","661,716","22,377","28,354","657,016","41,686","46,260","665,455","31,250","22,309","673,084","41,797","32,967","677,327","28,036","22,964","679,144","24,123","22,491","679,568","27,001","25,861","674,829","27,357","26,788","675,906","23,646","22,431","677,097","24,534","22,952","678,741","20,999","19,493","680,228","27,082","25,098","674,411","19,560","25,623","671,641","44,979","46,630","679,984","28,475","19,297","684,795","36,669","31,037","688,834","26,497","22,425","688,533","22,621","22,547","688,417","21,450","21,295","689,632","27,359","25,645","690,616","22,179","20,585","690,148","20,978","20,754","693,217","24,678","20,744","692,465","25,738","26,016","683,422","19,493","28,084","678,361","41,716","46,483","687,707","31,409","21,620","692,913","36,726","30,228","697,871","28,008","22,381","697,697","21,926","21,508","698,200","21,172","20,421","698,746","26,186","25,305","700,634","21,700","19,278","701,746","24,314","22,870"
경상남도,"741,785","38,092","43,392","743,852","33,022","30,333","747,520","47,548","43,150","748,435","34,460","32,287","746,307","28,409","30,203","743,338","30,580","32,622","742,590","35,135","35,856","739,464","27,907","30,400","738,159","33,331","34,378","738,320","24,972","24,244","739,504","32,116","29,976","735,839","28,291","31,826","727,330","40,400","48,809","730,983","29,605","25,666","735,172","44,326","39,483","739,354","34,389","29,674","737,715","28,355","29,513","737,661","31,575","30,818","741,154","36,089","32,952","742,385","29,368","28,084","745,859","30,023","26,022","749,006","30,335","26,211","755,123","33,936","27,601","757,117","29,635","27,785","749,849","45,560","52,541","752,973","29,881","26,573","763,986","50,554","38,876","768,881","35,665","29,876","768,799","30,809","30,383","767,905","29,623","30,432","770,187","38,820","36,269","770,514","28,989","28,171","773,293","29,750","26,361","780,110","34,601","26,867","783,717","32,551","28,991","777,842","25,837","31,487","768,750","41,181","52,467","774,740","37,123","30,957","773,770","39,023","39,781","774,858","31,144","29,610","776,666","28,552","26,435","776,976","28,253","27,438","779,082","36,695","34,458","784,073","31,834","26,193","788,622","33,548","28,655","791,035","29,796","26,483","794,470","32,055","28,506","781,408","29,455","42,053","770,128","44,814","55,746","779,685","34,676","24,909","785,705","47,399","39,292","789,859","35,749","30,140","791,240","31,505","29,722","793,266","32,746","29,939","799,144","40,049","34,156","800,268","28,697","27,194","805,133","33,660","28,285","807,772","31,996","28,507","809,774","32,893","30,237","798,609","29,334","40,014","795,078","52,501","56,077","803,159","34,118","25,285","807,401","46,994","41,774","811,510","36,765","31,859","810,012","31,887","33,277","810,378","31,860","31,514","812,330","37,735","35,303","813,173","30,174","28,798","814,533","31,147","29,068","817,064","31,112","28,286","818,418","32,964","31,456","811,225","29,254","35,625","807,819","48,162","51,111","819,851","41,105","28,366","829,120","50,988","40,895","834,854","37,643","31,188","835,513","30,968","30,138","836,743","31,557","29,668","838,103","37,626","34,798","841,509","32,784","28,732","843,624","33,044","30,228","844,837","28,432","26,456","844,786","33,413","33,233","836,655","27,020","34,671","837,482","55,622","54,128","846,749","35,926","25,727","851,962","46,353","40,251","856,605","35,235","29,611","857,299","30,421","29,163","857,672","30,094","29,069","860,251","37,386","34,388","861,608","29,305","27,248","862,351","27,522","26,152","864,435","31,894","28,632","863,637","31,694","31,658","851,725","26,306","37,743","847,934","49,354","53,240","860,781","40,407","27,088","866,063","45,203","38,984","871,185","35,859","29,942","871,477","29,629","28,359","871,065","26,998","27,048","871,210","36,124","35,372","873,167","28,093","25,684","876,178","33,577","29,869"
제주도,"120,983","8,061","9,715","122,952","7,936","5,508","123,857","9,055","7,901","125,540","7,235","5,395","126,058","5,392","5,000","126,750","6,020","5,046","127,813","7,754","6,718","128,675","6,988","6,022","129,131","7,870","7,342","130,343","5,543","4,171","131,953","6,825","5,154","131,559","5,841","6,242","129,422","8,980","10,981","131,841","8,379","5,783","133,444","9,986","8,230","134,209","6,925","6,082","135,149","6,372","5,347","135,504","6,110","5,609","136,700","7,995","6,831","137,543","6,925","6,065","137,735","7,096","6,781","137,840","6,512","6,011","138,910","6,897","5,714","138,726","5,664","5,854","137,799","10,462","11,378","140,167","7,969","5,525","140,069","9,960","9,422","142,178","8,066","6,078","143,234","6,595","5,455","143,555","6,344","5,997","145,324","9,839","7,994","145,764","6,522","6,135","146,039","6,824","6,430","146,451","7,076","6,518","146,737","6,539","6,180","144,941","5,643","7,377","141,509","10,542","13,761","143,062","9,139","7,489","142,270","7,853","9,071","142,594","6,382","6,110","142,550","4,602","4,468","143,533","6,242","5,110","144,255","8,225","7,321","144,658","6,437","5,686","146,369","7,765","5,969","147,802","7,111","5,472","149,268","6,595","5,025","148,763","6,227","6,628","140,666","8,380","16,480","143,953","8,322","5,080","145,841","9,774","7,766","147,376","7,420","5,813","148,148","6,015","5,031","149,160","7,125","5,964","150,461","9,684","8,447","151,896","7,243","5,681","151,840","6,466","6,287","152,296","7,025","6,428","152,826","6,590","5,981","151,748","6,838","7,802","146,489","10,459","15,654","150,606","9,825","5,497","152,446","10,439","8,354","153,579","7,390","6,145","153,787","6,385","6,096","154,029","6,409","5,970","154,703","10,425","9,662","155,551","6,945","5,942","156,050","7,808","7,176","156,650","7,177","6,532","156,926","7,106","6,792","154,984","5,630","7,397","151,249","10,770","14,477","154,925","10,609","6,275","156,556","10,851","9,131","157,928","7,620","6,117","158,538","6,248","5,603","159,160","7,001","6,225","159,891","10,671","9,816","160,498","7,268","6,580","161,009","8,281","7,195","160,267","6,316","7,164","160,097","6,750","6,826","157,518","5,320","7,975","155,170","13,350","15,526","158,596","9,579","5,987","159,531","9,713","8,470","160,216","7,165","6,222","160,517","6,077","5,695","160,852","6,386","5,859","161,342","10,022","9,334","161,518","6,050","5,738","161,289","5,970","6,151","161,799","6,944","6,083","160,012","5,986","7,687","156,813","5,764","8,890","152,869","10,563","14,551","158,077","11,780","6,314","159,135","9,569","8,310","160,029","6,725","5,536","160,478","5,631","4,974","160,536","5,476","5,299","161,493","10,489","9,324","161,750","5,691","5,322","161,514","6,453","6,560"
강원특별자치도 ,"275,103","17,981","17,886","279,416","16,041","11,409","279,575","19,436","18,565","283,710","15,524","10,993","283,936","11,197","10,674","283,693","12,341","12,705","286,803","17,408","13,030","287,722","12,679","11,989","285,717","13,513","15,817","286,838","9,548","8,297","289,242","13,932","11,340","283,717","11,487","16,529","282,320","20,413","21,863","289,813","18,303","10,849","289,160","20,241","20,616","293,792","16,977","11,972","293,634","11,978","11,883","294,038","12,457","12,146","298,620","19,003","14,302","300,612","13,964","11,878","297,404","12,319","15,207","299,162","12,873","10,567","303,176","15,889","11,688","297,789","11,827","17,277","297,891","23,163","23,095","302,789","16,081","11,227","303,833","20,620","19,275","308,875","17,617","11,996","308,470","13,289","13,406","310,158","13,206","11,574","314,449","20,385","15,985","317,437","15,561","12,504","316,827","14,299","14,701","319,843","15,560","12,042","321,301","14,705","13,131","314,367","12,452","19,377","309,089","21,492","26,609","315,810","20,445","13,694","313,444","18,456","20,475","316,082","14,530","11,586","317,484","13,547","11,857","319,816","13,789","11,408","324,041","19,021","14,642","334,584","22,393","11,708","334,361","15,962","16,005","339,584","17,543","12,060","341,842","15,978","13,554","327,655","13,064","27,015","317,681","22,138","31,808","321,424","18,539","14,865","327,141","24,219","18,021","332,146","18,144","12,581","333,779","15,362","13,529","335,351","15,548","13,813","340,559","21,381","15,932","342,647","16,223","13,946","343,750","16,380","15,302","346,182","16,267","13,572","348,142","17,160","15,039","338,580","14,224","23,984","334,430","26,299","30,476","341,808","19,809","12,509","346,365","24,902","19,920","351,515","18,879","13,375","350,539","14,318","15,101","350,373","14,844","14,782","353,346","19,861","16,748","356,044","16,490","13,429","353,213","13,898","16,124","355,020","14,384","12,427","355,921","15,227","14,367","346,010","12,833","22,468","339,503","24,913","31,077","347,496","22,192","13,844","352,508","26,221","20,878","356,692","17,822","13,131","357,192","14,432","13,728","358,037","14,424","14,247","362,409","20,967","16,458","362,779","15,177","14,720","361,151","14,052","15,507","362,273","13,305","11,769","362,633","15,092","14,496","352,584","12,470","22,960","348,939","27,693","30,980","356,582","20,092","12,107","359,788","24,726","20,923","363,626","17,877","13,576","363,279","13,741","13,871","363,229","13,899","13,722","367,771","20,575","15,838","368,405","14,192","13,364","366,200","12,514","14,540","367,646","15,024","12,798","367,385","14,550","14,736","356,190","13,122","24,381","351,087","25,714","30,637","360,874","23,000","12,881","364,764","24,145","19,770","370,219","18,809","12,780","369,613","12,817","13,205","370,413","13,602","12,652","373,200","19,434","16,300","374,551","13,697","12,096","372,824","15,149","16,499"
전북특별자치도,"327,631","18,360","21,316","330,360","16,161","13,011","330,960","23,159","21,928","335,085","17,499","12,900","334,516","12,518","12,489","335,236","13,669","12,540","336,131","15,176","14,507","335,943","12,429","12,489","337,516","16,043","14,543","338,358","11,577","10,370","339,323","14,625","13,381","336,891","11,786","14,240","331,955","20,927","25,776","335,296","14,470","11,235","338,479","23,453","20,029","342,827","18,459","13,663","343,192","14,545","13,615","343,380","14,646","14,391","344,694","16,987","15,721","345,809","14,497","13,303","347,576","16,598","14,340","350,012","16,115","13,118","354,139","17,106","12,778","351,816","13,709","15,983","348,223","24,626","28,383","353,037","17,716","12,809","357,135","25,263","20,926","361,103","18,651","14,036","362,362","15,934","14,420","362,597","14,376","14,137","363,930","17,628","16,347","364,328","14,620","14,003","365,579","15,881","14,303","369,844","18,596","14,051","372,558","16,388","13,474","368,160","12,628","16,934","360,981","23,330","30,199","365,543","19,666","14,731","365,461","20,866","20,838","367,813","17,752","14,806","371,264","15,899","12,100","373,142","15,502","13,298","375,123","18,390","16,233","382,673","20,878","13,186","383,130","18,164","17,237","385,483","17,973","15,142","387,776","17,827","15,329","379,297","15,549","23,959","369,916","25,121","34,156","376,955","20,627","13,389","380,977","25,269","20,990","385,369","20,371","15,414","387,405","16,499","14,190","389,402","18,192","16,002","390,358","20,286","18,928","392,320","17,020","15,068","394,987","18,883","16,048","397,728","18,104","14,724","397,423","17,445","17,385","387,199","15,325","25,420","384,419","29,069","31,431","392,902","22,072","13,377","395,530","26,096","22,884","397,736","20,098","17,411","398,581","16,466","15,686","399,680","15,844","15,870","400,104","18,563","17,955","399,784","15,462","15,343","400,633","16,986","15,908","402,243","16,142","14,087","401,841","17,347","17,582","392,945","14,721","23,028","390,404","27,658","29,666","402,204","26,974","14,675","405,413","26,665","22,840","408,710","19,820","15,927","408,935","15,232","14,712","410,066","15,942","14,518","411,513","18,784","16,991","412,420","15,988","14,926","413,142","17,644","16,456","413,680","15,032","13,820","413,507","16,605","16,350","401,646","13,412","24,941","402,343","31,484","30,357","414,529","25,816","13,041","416,147","25,147","22,879","418,681","17,895","14,749","419,916","15,736","14,062","420,452","14,640","13,818","421,898","18,568","16,776","422,730","15,749","14,688","423,562","15,673","14,817","425,337","17,263","14,675","422,763","16,053","18,311","407,754","13,104","27,726","406,954","29,909","30,367","422,115","30,615","14,986","423,167","23,365","21,807","427,696","20,427","15,118","428,440","15,037","13,962","428,057","13,288","13,356","429,544","18,626","16,778","429,985","14,268","13,274","430,460","17,148","16,149"