"시도별(1)","연령계층별(1)",2017.01,2017.02,2017.03,2017.04,2017.05,2017.06,2017.07,2017.08,2017.09,2017.10,2017.11,2017.12,2018.01,2018.02,2018.03,2018.04,2018.05,2018.06,2018.07,2018.08,2018.09,2018.10,2018.11,2018.12,2019.01,2019.02,2019.03,2019.04,2019.05,2019.06,2019.07,2019.08,2019.09,2019.10,2019.11,2019.12,2020.01,2020.02,2020.03,2020.04,2020.05,2020.06,2020.07,2020.08,2020.09,2020.10,2020.11,2020.12,2021.01,2021.02,2021.03,2021.04,2021.05,2021.06,2021.07,2021.08,2021.09,2021.10,2021.11,2021.12,2022.01,2022.02,2022.03,2022.04,2022.05,2022.06,2022.07,2022.08,2022.09,2022.10,2022.11,2022.12,2023.01,2023.02,2023.03,2023.04,2023.05,2023.06,2023.07,2023.08,2023.09,2023.10,2023.11,2023.12,2024.01,2024.02,2024.03,2024.04,2024.05,2024.06,2024.07,2024.08,2024.09,2024.10,2024.11,2024.12,2025.01,2025.02,2025.03,2025.04,2025.05,2025.06,2025.07,2025.08,2025.09
"계","계",25878,25979,26443,26744,26992,27020,27078,26904,27011,27026,27019,26604,26213,26083,26555,26868,27064,27126,27083,26907,27055,27090,27184,26638,26232,26346,26805,27038,27322,27408,27383,27358,27404,27509,27515,27154,26800,26838,26609,26562,26930,27055,27106,27085,27012,27088,27241,26526,25818,26365,26923,27214,27550,27637,27648,27603,27683,27741,27795,27298,26953,27402,27754,28078,28485,28478,28475,28410,28389,28418,28421,27808,27363,27714,28223,28432,28835,28812,28686,28678,28698,28764,28698,28093,27743,28043,28396,28693,28915,28907,28857,28801,28842,28847,28821,28041,27878,28179,28589,28887,29160,29091,29029,28967,29154
"계","15 - 29세",3857,3842,3852,3918,4003,3966,4031,3960,3904,3867,3837,3846,3888,3886,3857,3850,3908,3923,3984,3920,3910,3908,3932,3884,3891,3906,3900,3898,3953,3920,3997,3983,3950,3998,3995,3953,3956,3857,3671,3653,3770,3750,3802,3811,3732,3748,3752,3651,3642,3715,3818,3832,3908,3959,3985,3954,3951,3927,3920,3917,3963,3978,3996,4018,4104,4064,4077,4035,3967,3948,3915,3892,3912,3853,3907,3881,4005,3947,3940,3931,3878,3866,3848,3819,3828,3792,3776,3792,3832,3798,3791,3789,3710,3685,3668,3602,3609,3557,3569,3618,3682,3625,3633,3571,3564
"계","15 - 19세",268,274,238,265,274,257,281,255,233,202,199,216,233,232,213,189,205,209,224,211,194,181,183,184,202,219,204,216,217,191,209,202,170,184,176,188,205,194,150,129,168,172,179,169,150,144,142,141,146,157,169,176,197,195,197,175,166,156,154,168,195,202,172,171,208,183,193,191,163,149,153,163,187,171,169,150,172,170,183,178,160,143,130,141,149,140,135,139,166,156,162,161,142,136,120,118,136,133,130,143,140,135,139,137,129
"계","20 - 29세",3589,3568,3614,3654,3728,3709,3751,3706,3671,3666,3638,3630,3655,3654,3644,3661,3703,3715,3760,3710,3716,3726,3749,3700,3689,3687,3696,3682,3736,3729,3787,3781,3780,3814,3819,3765,3751,3663,3520,3524,3602,3578,3622,3642,3582,3604,3610,3510,3496,3557,3650,3655,3712,3764,3789,3779,3785,3771,3766,3750,3769,3776,3824,3847,3897,3881,3884,3844,3805,3799,3762,3729,3726,3682,3738,3731,3833,3777,3756,3753,3718,3723,3718,3678,3678,3653,3641,3654,3666,3642,3629,3629,3569,3548,3548,3484,3473,3425,3440,3475,3542,3490,3494,3434,3435
"계","30 - 39세",5640,5630,5635,5641,5647,5658,5654,5605,5661,5639,5656,5651,5626,5596,5597,5624,5616,5607,5563,5527,5557,5565,5558,5548,5501,5482,5515,5534,5543,5576,5540,5518,5544,5515,5533,5551,5518,5501,5407,5362,5360,5380,5371,5288,5261,5276,5339,5304,5245,5263,5238,5263,5291,5268,5249,5200,5248,5252,5270,5293,5267,5278,5281,5296,5297,5286,5311,5298,5339,5313,5336,5335,5284,5302,5304,5312,5367,5356,5362,5362,5395,5423,5416,5399,5370,5372,5396,5444,5441,5447,5473,5461,5473,5489,5504,5495,5467,5488,5505,5537,5573,5563,5566,5557,5606
"계","40 - 49세",6757,6765,6761,6776,6785,6822,6818,6789,6786,6797,6793,6746,6705,6658,6664,6689,6697,6695,6671,6631,6663,6645,6664,6611,6539,6531,6496,6502,6519,6513,6492,6504,6484,6499,6484,6483,6455,6426,6376,6312,6333,6333,6328,6322,6309,6307,6349,6300,6244,6260,6291,6301,6327,6345,6339,6333,6327,6327,6322,6313,6269,6297,6312,6315,6363,6347,6337,6325,6310,6316,6316,6256,6206,6220,6249,6293,6314,6313,6277,6256,6253,6248,6254,6237,6165,6159,6170,6203,6201,6206,6186,6187,6191,6176,6163,6140,6094,6080,6120,6152,6162,6151,6130,6114,6145
"계","50 - 59세",6120,6178,6250,6306,6333,6319,6330,6315,6342,6387,6405,6338,6267,6213,6271,6375,6379,6390,6369,6320,6375,6394,6432,6369,6311,6301,6382,6439,6488,6517,6481,6453,6494,6502,6497,6463,6373,6358,6308,6296,6347,6372,6355,6379,6360,6388,6423,6316,6204,6219,6320,6410,6447,6445,6464,6455,6485,6511,6573,6530,6449,6491,6579,6617,6686,6690,6658,6637,6650,6658,6664,6640,6556,6568,6629,6672,6735,6761,6719,6710,6696,6710,6700,6674,6627,6651,6688,6689,6762,6763,6741,6713,6720,6722,6707,6678,6613,6643,6663,6674,6695,6710,6692,6675,6709
"계","60세이상",3503,3565,3944,4104,4225,4256,4245,4235,4318,4336,4328,4023,3727,3730,4165,4331,4465,4511,4496,4509,4551,4579,4598,4226,3990,4126,4512,4666,4819,4883,4873,4901,4931,4996,5006,4705,4497,4696,4848,4939,5121,5221,5251,5285,5350,5371,5379,4954,4483,4908,5256,5408,5576,5620,5612,5662,5672,5723,5710,5244,5005,5359,5587,5832,6035,6092,6091,6115,6123,6182,6189,5685,5404,5772,6134,6274,6414,6435,6389,6419,6477,6518,6480,5964,5754,6069,6367,6566,6679,6694,6667,6650,6749,6776,6778,6126,6094,6411,6732,6906,7049,7042,7008,7051,7129
"계","15 - 64세",24147,24218,24379,24558,24713,24726,24779,24615,24671,24679,24700,24528,24371,24232,24345,24524,24633,24662,24631,24454,24566,24588,24671,24455,24246,24233,24376,24498,24692,24731,24720,24668,24684,24749,24760,24663,24487,24339,23982,23875,24113,24166,24191,24143,24036,24090,24252,23890,23532,23707,24008,24190,24422,24489,24498,24411,24487,24506,24604,24512,24358,24488,24642,24810,25090,25044,25025,24935,24922,24913,24921,24741,24488,24509,24752,24860,25165,25145,25023,24999,24977,25010,24966,24803,24588,24571,24696,24834,24949,24913,24855,24836,24821,24793,24786,24592,24385,24376,24525,24689,24870,24797,24745,24619,24750
"계","15 - 24세",1635,1597,1589,1637,1682,1652,1721,1659,1592,1543,1533,1539,1563,1519,1496,1488,1506,1494,1544,1491,1470,1482,1466,1435,1461,1484,1464,1476,1478,1449,1515,1494,1431,1468,1477,1442,1460,1410,1269,1252,1360,1368,1400,1406,1324,1311,1316,1241,1259,1287,1374,1375,1443,1468,1484,1444,1429,1391,1361,1361,1415,1438,1421,1452,1504,1480,1514,1479,1416,1379,1355,1355,1393,1334,1375,1358,1411,1394,1411,1397,1349,1333,1317,1305,1301,1284,1257,1283,1328,1297,1304,1289,1237,1217,1183,1164,1185,1149,1142,1163,1221,1179,1204,1159,1155
"서울특별시","계",5087,5112,5114,5132,5177,5206,5215,5185,5168,5161,5156,5114,5105,5060,5083,5098,5097,5124,5102,5066,5050,5055,5089,5036,4977,4958,4982,5052,5107,5134,5153,5132,5151,5143,5129,5117,5089,5103,5017,4986,5033,5049,5076,5083,5020,5048,5099,5016,4893,4943,5045,5057,5088,5098,5087,5053,5089,5074,5105,5127,5026,5075,5078,5120,5145,5137,5142,5127,5130,5107,5139,5135,5057,5089,5144,5147,5220,5220,5178,5203,5181,5223,5230,5192,5195,5219,5224,5252,5249,5243,5236,5232,5245,5247,5217,5180,5101,5121,5116,5181,5253,5222,5264,5261,5254
"서울특별시","15 - 29세",842,844,832,852,870,866,875,867,847,850,843,838,851,855,861,851,849,869,858,856,830,840,859,850,865,873,860,849,862,861,882,879,889,890,870,854,861,850,818,820,858,849,848,866,835,856,865,838,837,862,921,915,924,925,930,916,909,896,895,917,914,913,905,913,912,899,900,904,890,867,865,874,879,867,885,868,906,883,893,914,896,902,900,897,922,912,887,882,859,840,843,863,840,843,830,823,800,797,799,808,832,825,827,802,796
"서울특별시","15 - 19세",59,66,49,52,52,46,45,45,42,38,40,41,41,38,40,28,34,35,31,27,25,24,26,31,32,39,28,32,37,30,40,37,31,35,30,32,32,35,26,20,28,29,27,27,22,25,26,26,31,34,46,41,43,45,38,32,32,30,29,35,35,36,31,36,37,28,33,31,31,24,28,35,24,14,22,14,21,28,35,37,28,29,22,19,27,23,20,27,28,23,30,26,25,28,23,24,24,25,29,28,26,24,16,20,17
"서울특별시","20 - 29세",784,778,783,800,817,820,830,823,805,813,803,797,811,817,821,823,816,835,827,829,805,816,834,819,833,834,832,818,825,831,842,842,858,854,841,822,829,816,793,800,830,820,820,839,813,831,839,812,806,828,875,874,881,880,892,884,877,866,866,882,880,877,873,877,875,871,867,873,860,843,837,839,855,853,864,854,884,855,858,877,868,873,879,879,895,889,867,855,831,817,814,838,816,815,807,800,775,772,771,780,807,801,810,782,779
"서울특별시","30 - 39세",1211,1212,1229,1220,1224,1243,1237,1236,1240,1219,1229,1224,1221,1207,1189,1199,1202,1201,1194,1189,1191,1180,1181,1163,1158,1147,1156,1176,1182,1195,1200,1198,1194,1176,1169,1180,1174,1178,1154,1140,1134,1143,1152,1137,1130,1129,1142,1147,1135,1149,1130,1131,1132,1132,1134,1134,1153,1159,1161,1168,1157,1158,1158,1159,1156,1158,1161,1153,1152,1166,1173,1172,1161,1175,1180,1189,1185,1180,1175,1186,1190,1205,1200,1194,1197,1200,1221,1228,1245,1245,1253,1249,1248,1237,1230,1235,1229,1222,1208,1210,1232,1227,1251,1255,1256
"서울특별시","40 - 49세",1243,1240,1224,1228,1233,1247,1244,1228,1224,1229,1212,1205,1218,1209,1211,1227,1222,1225,1226,1220,1218,1218,1217,1201,1171,1169,1154,1170,1170,1167,1156,1155,1153,1157,1162,1176,1170,1178,1174,1149,1162,1156,1159,1154,1146,1139,1144,1132,1124,1118,1125,1127,1132,1131,1123,1118,1117,1111,1113,1126,1113,1113,1113,1109,1120,1120,1112,1112,1111,1107,1121,1116,1100,1088,1105,1116,1118,1130,1106,1098,1090,1089,1094,1091,1075,1076,1071,1090,1082,1081,1066,1082,1087,1079,1068,1078,1063,1052,1053,1059,1062,1062,1067,1073,1068
"서울특별시","50 - 59세",1141,1156,1149,1139,1143,1130,1142,1143,1134,1145,1151,1142,1126,1107,1120,1125,1115,1117,1108,1094,1105,1103,1101,1102,1091,1078,1090,1097,1116,1119,1118,1111,1125,1116,1106,1112,1103,1104,1093,1087,1089,1098,1103,1105,1079,1098,1110,1097,1064,1062,1080,1086,1089,1094,1093,1084,1092,1085,1109,1107,1082,1090,1104,1119,1121,1120,1121,1110,1115,1101,1105,1115,1086,1086,1085,1082,1101,1124,1117,1105,1094,1105,1103,1099,1111,1111,1110,1095,1098,1109,1108,1085,1091,1098,1100,1085,1067,1081,1072,1086,1089,1093,1092,1095,1090
"서울특별시","60세이상",650,660,681,694,708,720,718,711,723,718,721,704,689,682,702,696,709,711,717,709,706,713,730,720,692,692,722,761,778,792,798,790,791,803,821,796,780,793,778,790,790,804,814,820,829,827,838,802,732,753,789,799,811,815,807,802,818,824,828,809,762,802,798,820,836,841,848,848,861,866,876,858,832,872,888,892,911,902,887,901,912,922,933,910,890,920,936,958,966,969,966,952,978,990,989,959,943,969,984,1018,1038,1015,1027,1037,1044
"서울특별시","15 - 64세",4777,4800,4793,4810,4843,4864,4874,4847,4823,4821,4815,4780,4791,4749,4745,4760,4753,4775,4749,4722,4707,4705,4714,4681,4645,4628,4621,4667,4709,4721,4740,4722,4736,4722,4699,4714,4704,4708,4622,4586,4637,4640,4657,4655,4590,4613,4660,4607,4533,4561,4637,4643,4667,4673,4672,4635,4668,4647,4675,4714,4649,4666,4655,4697,4720,4703,4703,4685,4681,4654,4680,4691,4642,4640,4684,4683,4741,4749,4711,4736,4709,4749,4745,4730,4751,4740,4736,4745,4737,4731,4714,4721,4720,4705,4675,4664,4594,4583,4573,4608,4666,4640,4666,4656,4648
"서울특별시","15 - 24세",340,334,313,325,336,327,333,334,311,311,305,300,297,281,287,275,271,286,289,288,260,270,274,266,262,276,266,268,273,258,282,266,265,267,252,238,253,252,236,243,266,272,271,283,259,267,283,263,266,272,316,308,310,311,314,301,291,284,279,288,270,273,277,294,297,284,305,310,294,268,268,275,269,247,260,251,273,268,280,289,275,269,259,262,283,281,268,271,247,234,236,237,233,245,223,232,233,234,229,231,244,229,223,214,222
"부산광역시","계",1663,1674,1684,1688,1706,1705,1696,1687,1680,1683,1676,1674,1651,1636,1656,1653,1659,1676,1654,1638,1645,1677,1683,1656,1629,1641,1660,1661,1676,1680,1696,1687,1692,1703,1699,1684,1660,1651,1643,1601,1611,1634,1639,1645,1645,1651,1662,1635,1596,1616,1642,1658,1672,1680,1685,1691,1669,1664,1669,1644,1624,1659,1655,1664,1691,1687,1689,1703,1697,1691,1696,1689,1677,1663,1698,1695,1700,1695,1704,1700,1712,1701,1683,1669,1654,1684,1687,1688,1686,1701,1705,1700,1700,1699,1696,1654,1637,1679,1699,1709,1716,1717,1709,1693,1714
"부산광역시","15 - 29세",244,250,250,256,256,250,253,256,242,242,244,248,243,241,246,237,233,232,236,231,231,243,245,236,228,233,239,243,239,242,259,255,251,256,256,254,252,234,228,214,209,212,219,228,229,232,231,218,215,221,219,220,232,232,234,232,227,219,218,216,214,216,210,217,223,224,229,227,230,225,217,224,228,211,228,219,222,225,231,227,236,236,219,214,223,226,228,228,228,232,227,229,227,224,226,217,206,210,213,211,209,205,206,205,210
"부산광역시","15 - 19세",13,15,17,21,19,18,19,18,17,17,15,18,15,12,12,10,9,7,10,8,7,8,5,3,5,8,9,11,13,11,9,9,9,9,12,9,9,8,9,6,6,6,8,8,8,8,8,7,8,10,10,9,10,8,9,8,7,5,6,6,7,8,6,7,9,10,10,8,10,10,7,9,8,6,6,6,9,9,11,9,8,8,5,8,6,9,7,9,11,9,6,7,8,7,5,5,5,5,7,6,8,7,10,9,9
"부산광역시","20 - 29세",232,235,233,236,237,232,234,239,225,225,229,230,228,229,234,226,224,224,226,223,224,235,240,233,223,225,230,232,226,231,250,246,242,247,244,245,243,226,219,209,203,206,211,220,221,223,223,211,207,211,209,211,222,224,225,224,220,214,212,210,207,208,204,210,214,214,219,218,220,215,210,215,220,205,222,214,213,216,221,218,227,228,214,206,217,218,221,219,217,223,221,222,219,218,221,212,201,205,206,205,202,199,196,196,201
"부산광역시","30 - 39세",344,348,346,348,355,360,350,345,348,352,349,352,350,346,346,342,334,336,315,316,318,323,328,324,328,326,326,328,330,325,325,323,323,325,323,317,317,311,311,299,297,299,296,291,280,283,288,286,286,289,294,299,295,293,291,294,295,296,293,300,302,301,295,296,296,294,294,293,297,297,305,308,309,305,303,306,303,298,301,302,306,304,309,312,311,315,314,307,301,303,305,300,300,299,297,298,294,298,304,309,306,308,306,305,308
"부산광역시","40 - 49세",400,397,399,399,405,408,404,402,398,397,394,394,391,394,393,391,393,400,396,387,391,402,401,400,399,394,384,386,385,386,389,389,387,388,389,387,389,383,387,381,378,378,375,372,376,375,373,369,367,365,370,378,375,380,379,372,369,372,375,375,371,379,378,370,373,371,368,372,367,370,366,365,365,359,369,366,369,369,368,370,372,371,367,372,370,365,361,363,361,357,359,358,358,360,359,357,356,356,358,358,359,361,365,363,367
"부산광역시","50 - 59세",407,407,402,401,401,398,397,395,400,399,396,395,393,384,381,388,393,398,395,390,392,394,400,396,394,395,403,398,403,409,409,406,406,412,408,404,398,404,400,393,397,403,399,406,408,406,404,409,405,402,403,404,405,405,408,411,402,401,403,398,399,397,397,396,406,406,402,403,401,398,401,400,402,392,389,391,392,394,391,395,395,390,390,388,382,380,382,380,384,386,398,400,395,398,397,401,400,398,400,397,399,399,392,393,396
"부산광역시","60세이상",268,272,287,283,290,289,292,289,292,293,294,286,274,271,289,296,306,311,313,314,313,316,310,301,280,291,309,307,320,319,314,315,325,322,323,322,305,319,318,314,329,342,351,349,351,355,366,354,323,339,357,357,366,370,374,382,376,377,380,355,338,366,376,385,394,393,397,409,402,401,407,392,374,396,411,414,414,410,412,406,404,400,399,383,367,398,401,410,413,424,415,413,420,417,419,380,381,418,424,434,442,444,440,427,434
"부산광역시","15 - 64세",1544,1553,1552,1558,1571,1570,1560,1553,1541,1543,1538,1540,1529,1516,1517,1511,1510,1525,1506,1490,1495,1526,1529,1513,1503,1505,1509,1512,1518,1517,1533,1525,1524,1536,1531,1518,1507,1483,1479,1435,1433,1448,1450,1457,1456,1458,1463,1447,1431,1433,1447,1465,1473,1481,1482,1484,1463,1454,1459,1451,1451,1462,1446,1449,1479,1472,1474,1481,1476,1471,1473,1479,1481,1445,1471,1467,1468,1469,1478,1472,1482,1468,1455,1456,1450,1452,1450,1445,1437,1445,1451,1447,1446,1444,1442,1435,1416,1425,1439,1448,1447,1450,1443,1433,1444
"부산광역시","15 - 24세",97,106,106,112,109,107,111,113,102,100,101,106,102,96,99,93,89,85,87,81,81,94,97,92,87,91,97,99,95,95,105,98,100,108,106,103,99,92,91,83,81,79,82,82,78,77,80,72,74,76,70,70,77,76,75,75,70,68,67,67,69,74,71,74,82,81,86,80,81,77,71,74,78,72,81,76,74,76,80,77,78,82,71,68,69,70,69,71,77,78,72,72,73,65,66,66,54,60,63,65,64,65,67,67,70
"대구광역시","계",1232,1230,1244,1249,1250,1252,1256,1232,1237,1224,1236,1227,1194,1194,1198,1225,1236,1243,1249,1234,1233,1244,1238,1226,1200,1198,1214,1220,1230,1233,1227,1228,1226,1223,1226,1206,1190,1193,1124,1131,1170,1188,1193,1202,1205,1204,1216,1198,1159,1181,1212,1217,1235,1235,1235,1227,1232,1232,1232,1211,1205,1214,1226,1226,1241,1231,1241,1238,1238,1234,1230,1213,1196,1222,1241,1236,1284,1276,1278,1258,1257,1261,1238,1214,1205,1213,1218,1227,1231,1223,1216,1213,1216,1215,1218,1190,1186,1196,1220,1223,1230,1222,1211,1213,1224
"대구광역시","15 - 29세",178,174,163,160,164,163,164,151,146,142,146,150,144,147,148,160,162,164,172,167,162,164,163,164,163,165,172,178,182,178,175,180,168,165,166,160,158,158,138,140,151,161,163,165,158,164,164,155,152,158,171,177,179,180,178,182,178,174,171,166,169,169,165,160,159,154,164,163,157,161,157,158,161,160,163,164,179,170,167,160,158,160,150,148,147,144,136,143,147,144,138,132,129,127,128,128,133,135,137,141,145,144,138,137,137
"대구광역시","15 - 19세",12,12,7,11,8,8,8,6,7,6,6,6,6,5,6,9,10,8,10,9,8,8,8,8,8,11,10,10,10,9,10,8,6,5,5,5,7,9,4,4,5,6,6,7,6,4,6,7,4,7,7,9,9,11,9,10,9,9,7,6,6,9,9,9,9,6,5,5,5,6,6,8,9,8,9,5,10,9,8,9,8,7,3,3,2,3,3,4,6,6,4,4,6,5,4,6,7,7,5,4,5,6,4,4,7
"대구광역시","20 - 29세",166,162,155,149,155,155,155,145,138,136,140,144,138,142,142,151,152,157,162,158,153,156,155,157,155,154,162,168,172,169,165,172,162,160,161,155,151,150,134,137,146,154,157,158,152,160,158,149,147,151,164,167,170,170,169,171,170,166,164,160,162,160,156,151,150,148,159,159,151,155,151,149,152,152,154,159,170,162,159,151,151,153,148,145,145,141,133,139,141,138,134,128,123,123,124,122,126,129,133,136,140,138,134,133,130
"대구광역시","30 - 39세",245,246,246,243,243,238,240,238,242,238,238,239,234,227,225,227,225,224,223,221,223,226,223,222,215,208,211,208,212,219,221,220,222,221,228,223,223,221,214,205,217,216,218,213,212,206,215,218,216,220,221,219,222,222,226,222,225,228,230,231,228,222,221,224,222,217,214,215,219,213,214,213,211,209,208,211,214,215,218,213,217,220,217,216,211,208,207,205,203,208,210,213,217,216,218,217,213,210,211,212,212,208,209,210,212
"대구광역시","40 - 49세",332,331,336,337,336,340,338,336,338,337,338,334,332,332,329,330,329,330,326,322,322,322,323,322,314,314,314,313,310,311,308,303,302,299,299,298,298,296,275,276,282,279,280,286,291,288,287,286,279,275,275,276,279,276,282,281,283,282,278,280,279,280,279,279,285,283,285,284,282,284,282,282,276,280,281,284,289,288,292,290,291,289,280,278,275,275,277,272,269,267,264,269,270,269,266,262,263,257,262,260,260,257,259,264,268
"대구광역시","50 - 59세",313,316,319,324,324,326,324,320,325,323,323,321,316,314,310,315,318,321,322,319,324,327,325,319,318,318,315,313,314,313,312,312,316,320,314,313,309,307,294,303,304,306,305,310,311,316,318,315,304,306,317,320,325,322,316,309,311,314,315,317,314,319,327,324,329,327,324,322,316,314,315,314,314,316,319,313,324,324,322,320,316,320,317,314,316,314,316,320,318,319,318,318,314,313,317,315,310,313,319,317,314,313,308,305,309
"대구광역시","60세이상",164,162,180,185,184,185,191,187,187,184,191,182,169,175,187,192,202,204,205,204,202,205,205,199,191,193,202,207,212,213,212,213,217,218,218,212,202,211,204,207,216,227,227,228,232,231,232,224,209,223,229,226,231,235,233,233,234,235,237,216,217,226,234,238,247,251,254,255,264,262,262,246,235,257,270,264,277,279,279,275,275,273,273,258,255,271,282,288,293,285,285,282,287,290,290,269,267,281,291,293,299,301,296,297,299
"대구광역시","15 - 64세",1159,1159,1159,1158,1160,1159,1160,1141,1146,1131,1140,1137,1113,1107,1100,1125,1130,1135,1140,1127,1128,1138,1133,1128,1110,1104,1112,1113,1121,1125,1119,1119,1114,1109,1114,1100,1092,1087,1018,1024,1056,1068,1075,1083,1085,1086,1097,1091,1062,1066,1093,1101,1118,1117,1116,1107,1112,1110,1107,1106,1101,1101,1107,1103,1112,1103,1111,1108,1103,1098,1093,1094,1089,1092,1103,1098,1140,1128,1129,1112,1112,1116,1094,1087,1076,1070,1069,1074,1069,1066,1054,1053,1051,1047,1052,1045,1040,1037,1052,1052,1056,1044,1033,1031,1044
"대구광역시","15 - 24세",75,68,65,64,65,67,68,61,59,54,55,55,56,55,59,67,67,68,72,70,67,67,65,67,64,62,66,67,67,66,64,67,56,55,55,51,49,50,37,37,46,52,52,56,53,58,56,53,48,50,62,64,70,70,70,73,71,67,62,58,61,66,67,62,61,59,64,63,59,61,57,61,63,64,62,62,72,70,71,68,66,66,58,54,51,49,46,47,50,44,41,37,36,36,38,42,46,44,42,45,49,46,42,43,42
"인천광역시","계",1490,1503,1519,1523,1548,1549,1546,1522,1540,1560,1549,1539,1538,1546,1569,1562,1587,1595,1591,1570,1578,1581,1590,1587,1547,1556,1571,1583,1595,1599,1582,1582,1593,1584,1593,1586,1552,1566,1541,1546,1571,1566,1571,1576,1562,1561,1574,1533,1505,1539,1550,1562,1585,1578,1566,1578,1581,1579,1591,1542,1528,1576,1581,1590,1620,1632,1639,1634,1643,1645,1655,1622,1597,1619,1622,1647,1669,1674,1681,1687,1684,1672,1661,1647,1639,1658,1664,1682,1694,1691,1712,1727,1733,1731,1726,1698,1681,1696,1708,1712,1728,1734,1719,1720,1753
"인천광역시","15 - 29세",225,235,234,236,248,245,249,237,238,244,239,240,243,247,248,237,250,253,252,251,255,257,248,261,251,251,248,254,254,252,248,248,254,254,257,257,246,248,237,234,242,238,238,237,236,234,228,230,229,228,222,231,235,240,234,230,233,236,237,230,229,237,239,244,248,248,256,252,251,249,247,241,238,239,235,244,243,241,246,242,235,221,218,227,216,215,210,219,225,225,229,231,231,226,224,222,222,212,208,207,209,209,205,204,205
"인천광역시","15 - 19세",13,16,14,16,17,19,17,15,12,13,11,10,13,16,14,12,14,15,13,14,15,13,11,14,13,13,16,17,16,14,13,14,15,15,12,12,11,11,9,8,10,9,9,8,8,8,7,8,8,8,5,7,8,9,12,8,12,13,11,11,10,11,8,6,9,11,10,9,11,9,9,10,13,13,10,11,12,13,17,14,15,7,8,10,8,7,9,8,10,10,11,9,7,9,10,10,10,7,9,10,10,8,8,7,8
"인천광역시","20 - 29세",211,219,219,220,231,227,231,222,226,232,228,230,230,232,234,225,236,239,240,237,240,244,238,247,237,239,232,238,239,238,235,234,239,239,245,245,235,238,228,226,232,229,229,229,228,226,221,222,221,221,217,224,227,231,222,222,221,224,226,218,218,226,231,237,239,237,246,243,241,240,237,232,225,225,224,232,230,228,229,228,220,214,210,216,208,208,201,211,215,214,218,222,223,218,214,212,213,205,199,198,200,200,198,197,197
"인천광역시","30 - 39세",335,336,335,339,337,334,335,334,335,334,335,335,341,340,344,339,341,338,337,330,328,332,332,330,331,335,337,338,338,345,342,347,345,340,339,338,335,330,324,323,319,321,320,319,321,315,324,320,320,318,316,313,316,307,306,300,296,304,306,308,304,306,303,305,311,314,315,314,319,316,312,315,308,310,313,314,315,319,317,326,326,329,328,329,329,332,332,336,334,324,332,336,336,337,332,342,341,348,350,351,350,351,348,345,355
"인천광역시","40 - 49세",399,400,397,396,394,392,392,389,392,397,393,392,393,392,387,392,397,396,397,388,387,386,393,392,383,381,377,377,379,379,376,377,376,373,377,380,379,381,375,378,377,372,375,378,367,371,381,374,372,375,378,373,374,374,373,378,373,370,369,363,365,367,366,366,374,379,378,376,374,379,383,384,377,385,381,388,392,391,389,386,388,386,383,383,381,378,375,384,387,390,395,398,400,395,392,388,386,391,392,391,387,392,386,387,395
"인천광역시","50 - 59세",367,363,366,367,374,382,377,372,376,382,377,377,378,378,384,382,383,389,392,388,391,392,398,396,392,391,392,397,393,389,381,379,384,383,384,380,375,374,366,366,377,380,380,383,375,374,377,369,363,366,372,380,385,379,378,384,392,389,394,390,382,394,399,394,397,393,390,390,394,390,391,389,388,382,384,385,394,395,396,394,388,384,393,396,392,387,400,394,397,398,400,405,399,393,402,399,391,389,393,388,388,389,385,388,395
"인천광역시","60세이상",166,170,188,186,196,196,194,190,200,203,205,196,184,188,207,212,216,219,213,214,216,215,220,208,190,197,217,217,231,235,235,231,234,234,236,231,216,232,239,245,255,254,259,260,263,267,264,240,221,253,262,266,275,278,276,285,287,280,286,250,248,271,273,281,290,298,300,303,305,312,323,294,287,303,310,317,326,328,334,340,346,353,339,312,321,345,347,350,351,355,356,357,367,378,377,348,341,357,366,376,393,394,395,396,404
"인천광역시","15 - 64세",1425,1437,1440,1444,1461,1462,1457,1436,1448,1466,1454,1453,1465,1466,1472,1458,1483,1488,1489,1465,1473,1476,1487,1492,1467,1470,1468,1481,1481,1484,1468,1467,1474,1468,1474,1474,1451,1452,1419,1423,1441,1434,1438,1444,1425,1423,1443,1425,1413,1418,1424,1433,1446,1436,1425,1434,1437,1438,1450,1436,1425,1447,1450,1454,1480,1488,1489,1484,1491,1487,1496,1490,1462,1466,1463,1483,1500,1503,1503,1502,1498,1482,1477,1489,1474,1470,1477,1492,1501,1497,1514,1532,1533,1526,1525,1520,1502,1503,1508,1503,1502,1509,1492,1491,1519
"인천광역시","15 - 24세",90,92,91,98,106,109,108,97,96,99,100,101,100,103,103,101,107,109,106,106,107,103,94,103,99,102,98,104,103,101,99,99,102,101,102,101,95,93,84,84,93,93,92,89,90,89,86,84,84,85,77,84,93,96,93,92,93,91,87,86,84,85,81,84,87,91,96,93,88,84,81,79,85,85,80,82,84,84,85,85,80,70,69,75,66,68,66,69,74,72,78,80,78,74,73,74,71,60,63,65,66,66,68,65,65
"광주광역시","계",733,730,738,741,746,752,753,749,740,748,747,751,737,742,746,755,753,746,748,748,757,753,756,747,733,736,748,745,748,753,747,753,753,762,762,754,750,750,739,737,747,755,749,747,751,749,744,751,724,739,744,751,754,750,754,751,749,750,743,728,730,740,750,744,752,750,754,754,755,762,764,745,753,759,766,770,766,774,775,770,775,776,780,763,776,778,791,787,783,787,784,767,768,764,766,742,759,764,772,772,782,781,783,787,787
"광주광역시","15 - 29세",110,107,103,104,108,113,116,112,108,107,103,107,109,117,113,120,120,119,118,116,116,111,111,112,114,113,116,112,110,112,113,115,114,117,118,119,125,117,108,109,112,113,117,115,114,112,104,110,111,110,108,106,103,99,103,104,105,106,101,104,107,105,111,106,109,108,106,105,103,103,106,104,108,107,108,108,104,102,102,101,103,101,101,100,103,96,99,101,100,101,101,99,97,91,94,90,94,91,94,93,92,90,92,92,92
"광주광역시","15 - 19세",8,7,7,6,8,9,8,7,7,7,5,5,8,7,6,7,6,8,7,7,8,6,7,6,9,9,9,7,7,6,7,6,5,4,6,4,7,8,8,6,4,6,6,5,4,5,4,4,4,4,5,5,4,4,3,4,4,3,4,4,6,7,7,6,6,8,6,5,4,5,5,5,5,6,7,8,6,6,5,5,5,6,4,4,3,3,3,5,5,5,5,5,5,4,4,5,7,6,4,4,4,4,5,6,5
"광주광역시","20 - 29세",102,100,96,98,100,104,107,105,101,100,99,102,102,110,108,113,113,112,111,109,108,105,105,105,105,104,107,105,103,106,106,109,109,112,112,115,118,109,100,103,108,107,111,110,110,106,100,105,107,106,103,101,99,95,100,100,102,103,97,100,100,99,104,100,103,100,100,100,99,99,100,100,102,101,101,101,98,96,97,96,97,96,97,96,99,93,96,95,95,96,96,94,92,87,90,85,87,85,91,89,88,86,87,86,87
"광주광역시","30 - 39세",164,157,157,159,158,159,158,156,154,156,154,156,156,155,154,151,152,149,153,156,160,158,157,156,155,156,153,154,156,155,152,150,150,149,148,148,144,143,142,141,142,145,142,140,140,140,141,142,143,141,136,140,141,139,141,138,136,136,136,133,132,135,133,131,131,133,137,139,138,137,140,140,138,135,140,145,146,148,144,143,145,143,145,142,143,146,146,143,142,143,142,139,139,143,142,141,142,141,141,136,140,142,141,144,144
"광주광역시","40 - 49세",205,211,212,211,211,207,204,202,202,204,205,205,203,200,201,200,202,201,202,200,203,202,201,202,200,199,199,197,197,193,192,194,193,192,192,194,192,193,194,192,191,194,190,194,195,195,193,195,190,190,192,193,192,193,195,194,192,193,191,190,189,188,189,185,184,184,185,185,185,188,188,186,187,187,183,181,177,177,181,180,178,180,179,177,176,175,175,172,172,174,176,173,172,171,171,177,176,173,175,177,176,176,174,174,174
"광주광역시","50 - 59세",168,170,169,170,170,172,174,176,175,177,180,181,179,181,176,179,175,174,175,175,173,176,178,179,175,175,175,175,175,179,179,179,179,182,181,177,178,179,177,174,179,178,178,180,180,181,180,181,178,178,179,180,184,185,185,188,186,186,183,186,186,185,188,189,188,188,188,186,188,191,190,191,191,193,192,191,192,194,194,197,198,198,200,202,201,204,207,208,206,204,203,199,200,197,195,197,192,194,192,194,198,197,197,198,196
"광주광역시","60세이상",86,85,97,96,98,100,101,102,100,104,104,102,91,89,102,106,105,103,101,101,106,106,109,98,90,92,106,107,111,114,112,115,118,122,124,116,111,119,118,120,124,125,122,119,121,122,126,124,103,121,128,133,134,133,130,128,129,130,131,114,117,127,129,133,140,138,138,139,140,142,141,124,130,137,143,145,147,153,154,150,152,154,155,142,153,157,164,163,164,164,163,158,161,163,163,138,156,166,170,172,176,177,179,180,182
"광주광역시","15 - 64세",688,687,683,685,687,693,695,691,684,689,687,695,691,698,690,697,695,688,689,690,696,693,696,697,691,692,690,685,686,688,684,687,685,694,694,692,694,687,677,674,680,687,682,680,683,681,674,683,674,672,672,675,677,674,681,677,675,676,670,672,669,668,678,669,675,676,680,678,680,685,686,683,683,683,687,688,681,687,685,681,686,684,686,684,685,683,691,689,683,688,687,670,671,666,667,667,665,661,664,664,674,673,672,674,674
"광주광역시","15 - 24세",54,49,45,46,49,54,56,53,50,49,46,49,54,56,52,56,53,52,54,53,53,50,48,46,51,51,51,46,46,46,48,52,50,50,50,48,51,48,42,42,45,45,47,43,40,40,34,39,40,39,37,36,35,35,35,35,37,34,33,36,36,35,41,39,38,39,36,35,36,37,37,35,35,38,38,41,38,33,34,33,35,34,33,33,33,29,31,34,32,33,34,32,33,28,29,30,33,29,32,31,29,27,28,28,31
"대전광역시","계",755,756,769,766,769,764,768,759,761,763,772,765,753,758,767,760,763,756,760,749,762,762,760,753,746,756,760,755,766,771,781,787,787,788,790,777,776,784,767,768,774,779,780,787,785,790,796,779,753,758,765,775,787,799,794,801,797,795,803,789,780,786,785,787,793,787,793,801,798,807,804,802,789,799,795,795,801,804,788,798,807,803,804,783,778,785,794,792,799,802,793,784,786,784,796,776,785,801,804,811,818,817,821,817,823
"대전광역시","15 - 29세",136,134,133,127,132,130,133,127,125,125,123,125,123,123,117,116,117,118,123,118,124,122,118,121,119,122,123,117,121,124,133,134,128,127,132,129,135,137,130,130,136,136,137,139,136,134,137,133,133,130,125,127,135,135,131,134,134,133,140,138,138,138,137,139,136,133,142,144,138,140,139,134,135,133,128,127,124,126,120,118,123,121,121,117,117,118,122,120,120,121,123,119,120,115,118,115,116,124,120,123,122,123,127,120,120
"대전광역시","15 - 19세",7,6,5,5,7,5,6,4,3,2,4,6,5,6,4,3,4,4,5,6,6,8,8,8,7,7,6,4,5,5,5,6,6,6,6,6,7,8,5,5,5,4,7,9,6,4,5,5,5,5,5,5,7,8,8,7,9,6,7,7,4,6,5,5,7,6,8,8,5,5,6,6,7,7,6,5,5,6,5,5,5,4,4,4,6,7,5,5,5,5,7,7,6,5,4,5,6,8,6,6,5,5,6,6,4
"대전광역시","20 - 29세",129,128,128,122,125,126,128,123,122,123,119,118,118,117,113,112,113,114,118,112,118,114,109,113,112,114,117,113,117,119,128,128,122,122,125,123,127,129,125,125,131,132,130,130,131,130,131,128,128,125,120,121,128,127,123,126,125,127,133,131,133,132,132,134,129,127,134,136,133,135,133,128,128,126,123,123,120,120,114,113,117,117,118,113,111,112,117,115,115,115,115,113,114,110,114,111,110,116,114,117,117,118,121,115,117
"대전광역시","30 - 39세",159,158,161,162,163,159,161,159,160,158,161,161,159,162,162,159,160,158,157,155,156,155,155,157,157,155,153,158,155,154,156,157,157,158,155,158,156,154,153,156,154,152,151,153,152,152,157,154,148,146,152,150,150,153,153,155,155,154,154,154,154,154,153,152,152,149,151,153,153,157,157,161,161,158,157,154,156,160,159,163,165,162,162,162,161,160,159,160,161,163,162,158,159,162,164,163,165,164,167,170,171,171,172,171,171
"대전광역시","40 - 49세",203,203,204,204,202,202,202,200,202,202,206,207,206,204,206,207,207,205,202,201,200,200,200,197,196,197,196,195,195,192,193,195,193,193,192,188,187,185,180,178,177,181,181,181,179,184,186,183,181,182,182,184,181,184,182,181,182,181,182,179,180,176,174,174,177,176,174,176,178,176,176,179,176,178,178,178,180,177,176,178,178,178,180,180,174,174,173,173,173,174,170,168,167,164,168,166,163,165,166,164,165,164,162,161,162
"대전광역시","50 - 59세",171,174,174,172,171,172,173,174,173,177,178,177,176,174,174,173,172,170,171,171,176,176,178,177,177,177,176,176,182,182,182,182,184,185,183,179,180,183,182,182,181,181,182,184,183,184,180,178,174,175,174,179,181,184,186,187,185,186,188,187,182,183,182,182,183,184,181,181,180,183,182,181,174,179,180,182,183,182,177,179,181,183,184,180,182,184,186,184,187,187,183,183,183,183,180,178,180,183,180,181,186,185,187,190,191
"대전광역시","60세이상",87,87,97,101,101,100,99,99,101,100,105,95,89,95,108,105,106,105,106,105,106,110,110,100,97,105,112,110,113,119,118,121,125,125,128,123,119,125,122,122,125,129,129,130,134,136,137,130,116,126,132,135,140,143,142,144,141,141,139,131,126,135,140,141,146,145,145,147,149,151,151,148,143,151,152,153,157,159,156,160,160,159,158,145,144,149,155,156,157,159,155,155,158,160,165,154,161,165,172,173,174,175,174,175,179
"대전광역시","15 - 64세",717,717,722,716,718,714,718,709,709,713,719,721,714,715,714,707,708,703,706,696,707,704,704,707,703,707,704,700,708,712,723,727,726,727,726,719,724,724,707,706,708,713,714,718,715,718,723,710,696,694,695,702,712,724,719,724,722,720,732,724,719,717,714,714,716,708,717,722,718,728,726,727,714,719,711,711,716,719,704,711,718,716,718,707,701,702,710,707,714,716,708,699,698,693,702,693,695,707,706,710,715,713,717,712,715
"대전광역시","15 - 24세",59,55,54,50,56,53,55,49,47,47,44,49,48,50,45,45,46,48,51,47,50,49,46,43,41,43,44,43,46,47,54,53,46,45,49,46,49,51,45,44,49,50,53,57,54,51,54,52,52,53,53,52,56,57,57,58,54,50,52,52,54,53,51,53,51,47,53,54,48,51,50,45,47,48,44,42,40,41,38,33,36,36,36,36,37,35,35,36,36,38,40,37,34,31,34,34,37,41,41,43,41,40,40,37,38
"울산광역시","계",570,575,583,583,589,590,587,581,581,585,587,592,582,580,576,571,581,578,568,573,568,576,570,567,554,560,562,569,575,577,577,572,579,576,580,576,568,569,556,552,557,557,562,561,565,560,562,555,540,550,555,553,554,550,554,558,563,564,564,551,548,547,557,561,573,572,572,573,572,573,576,564,559,562,570,572,574,577,575,570,574,575,580,570,560,560,561,571,585,577,574,574,579,580,579,567,564,574,570,581,581,586,585,575,578
"울산광역시","15 - 29세",79,86,90,85,86,87,84,82,84,83,82,87,88,89,85,79,82,77,75,78,79,78,75,77,75,73,73,73,72,75,76,75,74,76,74,74,75,76,67,65,65,66,65,66,70,67,66,67,63,64,66,60,59,59,63,64,64,67,65,68,67,66,67,69,71,68,68,67,67,66,70,69,67,65,70,67,67,69,69,65,66,61,62,63,60,57,60,62,69,66,63,63,65,65,62,64,65,67,62,66,69,69,71,65,65
"울산광역시","15 - 19세",5,4,5,4,4,5,6,4,3,3,3,5,4,4,3,3,3,2,3,4,4,3,3,2,3,3,3,2,3,3,4,4,3,3,2,2,3,4,3,2,3,4,3,3,3,3,1,2,2,2,2,2,3,2,1,1,1,1,1,2,4,3,3,3,3,2,2,0,1,1,2,3,2,2,2,2,2,2,2,2,2,2,3,3,3,2,2,2,4,4,4,4,4,4,3,2,3,4,2,4,4,2,2,2,2
"울산광역시","20 - 29세",74,82,85,81,82,83,78,78,81,81,79,83,84,85,82,76,79,76,72,74,75,74,72,75,72,70,70,71,69,71,72,71,71,73,72,72,72,71,64,63,62,62,62,63,67,65,64,65,61,62,64,58,57,58,62,63,63,66,64,65,62,63,65,66,68,66,66,66,66,65,68,66,64,63,68,65,65,67,68,63,64,59,59,60,57,55,59,60,65,62,60,59,61,61,59,62,62,63,60,62,65,67,68,63,63
"울산광역시","30 - 39세",131,130,129,131,133,131,131,130,131,133,136,135,132,132,129,127,131,131,127,127,127,129,126,125,122,123,121,123,124,122,121,122,125,122,122,123,125,122,120,118,120,116,115,114,113,114,113,113,111,114,111,112,113,109,109,109,112,112,111,113,112,109,107,108,109,107,106,106,106,105,105,106,107,108,107,104,106,107,106,104,106,105,105,102,102,100,97,100,103,102,102,103,104,105,108,105,103,102,105,107,108,110,110,110,109
"울산광역시","40 - 49세",155,154,155,156,153,154,154,152,151,153,151,154,153,151,148,149,149,147,148,148,147,148,147,146,145,149,148,148,152,150,150,148,149,149,149,146,145,143,142,142,140,141,144,142,142,140,144,142,143,142,141,143,143,145,143,143,143,143,142,136,136,134,138,137,137,139,141,138,139,142,141,140,140,140,138,137,140,138,137,137,136,139,140,139,137,136,137,136,140,137,137,136,137,138,137,137,136,136,134,135,133,133,132,133,132
"울산광역시","50 - 59세",146,145,144,145,148,150,148,147,148,148,149,147,148,150,148,149,148,150,148,149,146,149,150,149,150,147,149,152,153,154,152,149,150,147,151,150,145,147,147,145,149,150,152,148,150,150,149,148,147,146,150,149,150,147,149,151,151,150,151,152,150,150,151,150,154,152,154,154,153,153,152,151,151,150,153,155,154,155,154,155,156,156,155,156,153,157,152,154,156,156,157,157,157,156,157,156,153,153,153,156,153,151,152,149,150
"울산광역시","60세이상",59,60,66,66,68,68,70,70,68,68,69,69,61,59,66,67,71,74,71,71,70,73,72,70,62,68,71,73,75,76,78,78,81,81,84,83,79,81,80,83,84,84,86,91,90,88,90,84,76,84,88,89,89,90,89,93,92,93,94,82,84,89,94,98,104,106,104,108,107,107,108,98,95,99,103,109,107,108,109,109,111,115,119,110,108,111,115,118,118,116,115,115,116,116,116,106,107,115,115,117,118,122,121,118,123
"울산광역시","15 - 64세",545,549,553,551,557,557,554,548,548,553,554,560,556,555,546,540,547,543,534,541,534,542,536,534,526,527,528,535,540,539,538,535,538,536,538,535,530,531,519,514,517,517,521,518,521,516,519,516,506,508,510,507,509,506,511,512,517,518,518,517,510,504,511,513,521,518,521,518,519,520,522,519,512,511,516,515,520,521,519,513,515,515,516,516,502,499,497,507,521,513,510,510,516,517,517,514,509,511,506,515,514,517,518,509,509
"울산광역시","15 - 24세",31,33,36,32,33,33,33,31,31,31,30,34,33,32,31,29,28,26,25,29,30,31,29,28,26,26,26,27,26,27,29,28,26,26,26,24,25,27,21,20,21,26,25,26,27,27,22,22,21,20,21,17,19,18,21,22,21,23,21,23,22,23,25,26,27,25,26,24,23,23,26,26,26,25,29,29,27,28,26,22,23,19,20,22,21,19,21,25,28,26,23,23,25,24,23,23,22,23,21,23,26,24,26,21,20
"세종특별자치시","계",117,121,124,127,130,132,133,132,133,134,135,134,134,136,139,144,148,150,152,153,154,156,158,158,157,158,163,165,167,169,172,172,170,173,175,172,172,171,173,177,178,183,184,185,186,184,183,179,177,180,184,187,188,189,188,188,190,188,185,180,180,186,194,196,201,201,201,202,202,202,204,201,200,201,207,210,212,213,211,212,210,211,207,203,203,202,209,210,212,212,213,211,214,214,215,211,207,206,210,214,214,213,211,213,212
"세종특별자치시","15 - 29세",17,18,18,18,19,19,19,18,19,18,19,18,19,20,19,19,22,22,23,22,21,21,21,21,20,20,20,21,20,21,24,23,20,21,22,20,22,22,20,20,22,24,26,26,25,22,23,23,24,24,23,23,23,24,23,22,23,21,19,18,19,20,22,22,23,23,23,24,22,21,23,22,22,22,23,22,24,23,22,22,21,22,21,22,23,22,23,23,24,24,24,23,25,25,24,24,23,22,23,23,22,22,22,22,21
"세종특별자치시","15 - 19세",2,2,1,1,1,1,1,2,2,1,1,1,1,1,1,1,1,1,2,1,1,1,1,1,1,1,1,1,1,1,1,1,1,1,1,1,1,1,1,1,2,1,0,1,1,0,0,1,1,1,1,1,1,1,2,1,1,1,1,1,1,1,1,1,1,1,1,1,1,1,1,1,1,1,1,1,1,1,0,1,1,1,0,0,1,1,1,2,2,2,2,1,1,1,1,1,0,1,1,1,1,1,1,1,1
"세종특별자치시","20 - 29세",15,16,16,16,17,17,18,17,17,17,17,17,18,19,18,18,20,21,21,21,20,20,20,20,19,19,20,20,20,20,23,22,19,21,21,19,21,21,19,20,21,23,25,25,24,22,22,22,23,23,22,22,22,23,21,21,22,20,19,18,18,19,21,21,22,23,22,23,21,20,22,22,21,21,22,21,23,23,22,21,21,22,20,21,21,21,22,21,22,22,22,22,24,24,23,23,22,22,22,22,21,21,21,21,20
"세종특별자치시","30 - 39세",34,35,35,35,35,36,36,37,37,38,37,38,39,39,40,41,41,41,41,42,44,44,44,45,45,45,46,46,46,46,46,47,47,47,48,49,49,49,50,52,51,50,49,50,50,50,50,50,50,48,48,49,48,48,48,48,48,47,47,46,47,47,49,48,49,49,49,49,50,50,50,51,50,49,51,52,51,51,51,51,51,51,50,50,50,49,50,50,50,49,49,49,50,50,50,51,51,50,50,50,51,51,50,50,50
"세종특별자치시","40 - 49세",35,36,36,36,37,38,38,39,39,39,39,39,40,40,41,42,43,44,44,45,46,46,47,48,48,48,48,49,50,50,50,51,51,52,53,53,53,53,53,54,54,55,55,55,55,56,56,56,56,57,58,57,57,57,57,58,58,58,58,58,58,59,60,60,61,62,62,61,62,62,62,61,62,62,63,63,64,64,63,64,63,63,63,62,63,62,62,63,63,63,63,61,61,61,62,62,61,60,60,60,60,59,60,61,61
"세종특별자치시","50 - 59세",20,20,22,23,23,23,23,23,24,23,24,24,24,24,25,26,26,27,27,27,28,29,29,29,29,30,31,32,32,32,32,32,32,33,33,32,32,32,31,32,31,32,33,33,33,33,33,34,33,34,34,35,36,36,36,37,37,37,36,35,36,37,38,39,40,39,39,40,40,41,41,41,41,41,40,41,41,42,42,43,43,44,43,43,44,44,45,45,44,45,45,45,45,46,46,45,46,46,46,47,47,48,47,47,47
"세종특별자치시","60세이상",12,12,14,15,16,16,16,16,16,16,16,15,13,13,15,16,17,17,16,16,16,16,16,15,14,15,17,18,19,20,20,20,20,20,20,18,16,16,19,20,21,22,21,22,23,22,22,18,15,17,21,24,24,24,24,25,25,26,25,22,21,23,26,27,28,29,27,28,29,29,28,25,24,27,31,32,32,33,33,33,33,32,31,27,24,25,29,30,31,31,32,32,32,32,32,29,28,28,31,33,34,34,33,33,34
"세종특별자치시","15 - 64세",112,116,117,118,121,122,123,123,124,124,126,125,127,129,131,135,139,140,142,143,145,146,148,150,149,150,153,154,155,158,161,160,158,161,163,162,164,163,163,166,167,171,172,173,172,171,171,170,170,171,171,173,174,175,174,174,176,174,172,169,170,175,180,181,185,185,186,186,186,186,188,187,187,187,190,192,194,194,192,193,192,193,190,189,190,188,192,193,193,193,194,192,195,195,195,195,193,190,191,194,194,192,191,192,191
"세종특별자치시","15 - 24세",7,8,6,6,7,7,7,7,7,7,7,6,7,7,6,7,9,8,9,8,7,7,7,7,7,6,6,6,6,7,10,9,6,8,7,6,6,6,5,5,6,8,9,8,8,5,6,6,7,7,7,7,6,7,7,5,6,5,5,4,6,7,7,8,8,9,9,10,7,6,7,6,6,6,7,7,8,7,6,6,5,6,5,5,6,6,8,9,9,8,8,8,10,10,9,8,7,8,8,8,7,7,7,7,7
"경기도","계",6462,6474,6599,6660,6700,6695,6773,6738,6780,6780,6815,6739,6672,6607,6730,6796,6846,6832,6838,6805,6867,6839,6884,6764,6710,6734,6871,6924,7004,7051,7009,6998,6991,7041,7058,7030,6956,6909,6874,6852,6944,6937,6923,6887,6900,6920,6967,6833,6711,6861,6979,7062,7179,7220,7261,7238,7266,7314,7375,7329,7287,7408,7483,7601,7737,7755,7733,7682,7665,7658,7630,7529,7403,7455,7570,7610,7752,7722,7731,7726,7724,7748,7752,7645,7483,7549,7643,7713,7825,7825,7828,7813,7828,7812,7802,7667,7600,7659,7794,7849,7909,7884,7842,7783,7834
"경기도","15 - 29세",1005,971,1016,1036,1053,1035,1079,1065,1067,1037,1041,1047,1049,1043,1032,1028,1066,1058,1076,1050,1058,1041,1060,1025,1029,1030,1030,1042,1063,1057,1068,1065,1052,1078,1090,1078,1081,1033,995,992,1023,1007,1011,1001,979,981,980,955,955,983,1024,1029,1050,1078,1097,1104,1108,1102,1106,1099,1129,1148,1149,1152,1203,1201,1177,1158,1130,1125,1120,1109,1124,1109,1119,1109,1160,1139,1124,1129,1121,1123,1123,1109,1097,1101,1091,1095,1132,1124,1111,1101,1068,1058,1049,1027,1052,1010,1014,1040,1050,1027,1024,993,988
"경기도","15 - 19세",84,74,73,84,92,83,100,90,80,64,66,71,82,81,71,59,69,75,81,74,65,58,62,58,65,70,68,79,70,61,65,65,47,60,52,60,68,61,46,40,58,60,61,54,53,46,41,40,37,41,47,57,67,61,63,55,51,48,56,60,74,79,60,55,74,61,64,66,52,48,47,47,69,70,63,61,58,54,52,50,52,45,47,52,54,52,52,44,56,52,50,49,41,38,35,29,37,32,34,41,41,41,49,45,42
"경기도","20 - 29세",921,898,943,952,961,952,979,975,987,973,976,977,967,962,960,970,997,984,995,976,993,983,999,967,964,960,962,963,993,995,1003,1001,1006,1019,1038,1017,1013,972,949,952,965,948,951,947,925,935,939,915,918,942,977,971,984,1017,1034,1049,1058,1055,1049,1039,1056,1069,1089,1097,1129,1139,1112,1092,1078,1076,1074,1063,1055,1039,1055,1048,1102,1085,1072,1079,1068,1079,1076,1057,1044,1049,1040,1051,1076,1072,1061,1052,1027,1020,1015,998,1015,978,980,999,1009,987,975,949,946
"경기도","30 - 39세",1506,1501,1488,1492,1477,1477,1493,1465,1489,1501,1495,1504,1506,1502,1512,1527,1520,1522,1519,1505,1508,1507,1505,1518,1487,1499,1512,1517,1521,1534,1505,1488,1509,1508,1533,1547,1539,1551,1520,1530,1518,1524,1503,1456,1465,1481,1506,1497,1479,1489,1492,1513,1530,1522,1508,1479,1495,1496,1513,1536,1527,1544,1549,1548,1543,1538,1543,1547,1560,1533,1537,1544,1538,1542,1524,1514,1547,1540,1553,1541,1548,1565,1571,1578,1563,1559,1553,1583,1570,1570,1582,1584,1587,1605,1613,1599,1589,1611,1616,1609,1621,1618,1603,1598,1618
"경기도","40 - 49세",1812,1825,1815,1814,1821,1835,1839,1849,1838,1842,1860,1834,1814,1795,1795,1801,1806,1791,1782,1785,1800,1776,1784,1771,1775,1773,1775,1768,1779,1780,1773,1789,1763,1777,1757,1769,1762,1753,1739,1708,1722,1712,1715,1714,1716,1712,1725,1728,1732,1761,1749,1742,1756,1774,1773,1767,1767,1777,1781,1788,1788,1801,1814,1837,1844,1836,1838,1822,1818,1811,1791,1762,1751,1762,1766,1776,1786,1788,1788,1784,1774,1772,1790,1789,1764,1764,1780,1778,1786,1796,1798,1788,1793,1792,1792,1777,1762,1774,1787,1799,1806,1793,1778,1754,1768
"경기도","50 - 59세",1484,1511,1548,1576,1574,1559,1572,1570,1576,1595,1609,1607,1596,1567,1593,1626,1620,1611,1613,1603,1627,1629,1645,1624,1620,1614,1647,1671,1678,1692,1677,1659,1681,1683,1687,1693,1673,1645,1635,1625,1635,1631,1620,1623,1626,1631,1655,1626,1611,1617,1635,1670,1680,1686,1707,1700,1716,1729,1756,1754,1744,1757,1772,1787,1805,1813,1806,1799,1803,1812,1817,1815,1799,1797,1811,1835,1845,1845,1845,1844,1843,1836,1825,1825,1809,1820,1818,1812,1852,1843,1829,1825,1842,1833,1817,1826,1821,1839,1842,1842,1851,1860,1870,1850,1854
"경기도","60세이상",655,666,733,742,776,790,791,788,810,805,810,746,707,700,798,814,835,850,848,863,874,887,890,826,800,819,908,926,963,988,986,997,986,995,992,943,902,927,985,996,1047,1062,1075,1094,1114,1114,1101,1027,934,1011,1079,1107,1163,1162,1177,1188,1180,1210,1219,1152,1099,1159,1199,1277,1342,1368,1370,1357,1355,1378,1366,1298,1191,1245,1350,1376,1414,1410,1421,1428,1439,1452,1444,1344,1250,1307,1402,1445,1485,1491,1508,1514,1537,1523,1532,1437,1376,1425,1536,1559,1580,1587,1567,1587,1606
"경기도","15 - 64세",6188,6197,6264,6311,6330,6324,6395,6360,6394,6401,6446,6425,6378,6318,6376,6423,6460,6435,6444,6401,6455,6424,6477,6407,6366,6369,6445,6486,6552,6584,6547,6524,6522,6562,6586,6589,6555,6487,6424,6394,6457,6433,6405,6359,6360,6379,6435,6353,6286,6387,6464,6521,6614,6651,6678,6643,6669,6700,6760,6772,6776,6853,6891,6960,7047,7051,7023,6979,6971,6952,6928,6880,6834,6850,6880,6900,7020,7004,7002,6994,6983,6997,7011,6978,6884,6892,6916,6945,7019,7004,7007,7002,7005,6993,6984,6935,6910,6920,6961,6991,7049,7017,6991,6899,6936
"경기도","15 - 24세",432,403,427,438,447,428,475,459,443,414,426,431,439,425,412,406,425,405,419,389,394,388,387,373,395,396,374,390,386,391,403,404,379,395,407,405,413,387,344,333,364,352,351,358,344,339,331,309,315,333,367,376,395,409,409,397,404,393,401,397,433,445,423,431,451,450,435,419,404,394,392,395,418,395,408,407,424,414,413,411,410,412,411,401,394,389,380,381,417,412,410,399,381,373,365,349,369,337,341,349,365,357,366,343,333
"강원도","계",697,712,763,805,824,827,833,829,816,819,810,743,700,705,779,804,815,819,815,820,823,820,819,745,721,731,800,831,840,832,848,851,847,841,834,760,735,759,798,801,818,821,816,820,812,817,813,728,693,737,803,818,836,843,844,841,837,841,843,776,724,773,796,826,843,845,849,847,849,847,841,773,741,786,833,861,878,875,867,871,868,867,857,784,755,780,816,863,878,875,883,878,874,879,877,768,769,800,828,877,889,887,882,877,887
"강원도","15 - 29세",100,98,102,106,110,110,111,111,102,108,107,99,109,107,111,106,109,111,110,109,103,103,101,95,108,99,102,104,103,97,111,114,106,100,101,102,105,101,97,97,99,96,94,100,95,93,94,93,88,87,87,92,97,100,102,98,91,92,93,90,89,88,88,88,92,91,94,94,92,92,88,94,92,89,94,98,98,98,97,98,93,97,95,93,100,94,98,103,103,101,110,104,101,101,102,97,96,93,90,93,99,93,91,90,88
"강원도","15 - 19세",8,9,6,9,9,9,11,11,8,7,6,6,6,6,3,4,4,4,6,6,5,5,5,6,7,6,4,5,5,3,9,9,5,4,4,5,7,7,4,4,5,6,6,7,5,5,5,5,5,4,4,5,5,5,6,5,4,4,3,3,3,2,2,1,2,2,4,3,2,2,1,2,4,4,5,6,7,6,7,6,4,5,5,6,6,6,3,5,6,5,7,8,6,6,7,6,8,8,6,7,5,6,6,5,3
"강원도","20 - 29세",91,90,96,98,100,101,99,100,94,101,101,93,103,101,108,102,106,107,104,103,99,99,97,89,101,93,98,99,97,94,103,106,101,96,97,97,98,94,93,93,93,90,88,92,90,87,90,87,83,83,84,88,92,95,96,93,87,89,90,87,86,86,86,87,89,89,90,91,90,90,87,91,88,85,89,91,91,92,90,92,89,92,90,87,94,88,95,98,97,96,103,96,95,95,96,91,88,85,84,87,94,87,84,84,85
"강원도","30 - 39세",131,131,130,129,130,129,129,132,129,125,125,123,120,118,123,121,120,122,123,125,125,124,124,123,120,118,122,124,123,125,125,125,128,128,128,125,123,123,122,121,120,118,117,118,118,119,118,116,116,117,120,119,118,120,119,118,120,121,122,123,119,119,119,117,118,118,118,116,119,117,117,116,114,115,117,120,125,122,124,126,126,123,122,123,120,121,119,124,129,126,127,126,128,127,126,125,122,122,126,128,128,127,129,127,130
"강원도","40 - 49세",179,182,185,190,192,190,191,188,190,187,186,182,174,171,177,181,180,182,179,178,179,179,179,177,175,173,177,180,182,182,180,178,179,178,178,171,167,164,167,167,170,175,173,170,171,174,173,167,162,162,170,171,170,169,169,172,170,171,173,170,164,164,165,170,171,168,170,167,169,168,170,165,163,165,167,168,169,169,166,167,168,167,164,164,158,156,157,158,159,159,157,157,155,155,154,154,149,148,150,153,150,151,149,150,152
"강원도","50 - 59세",179,184,193,202,204,206,206,205,205,205,207,189,182,185,197,203,206,205,203,207,210,211,212,196,191,196,203,209,214,213,213,214,211,208,206,194,191,193,199,200,205,204,204,206,202,203,203,190,184,189,196,197,203,201,200,201,200,199,199,193,188,188,192,199,204,204,202,203,203,203,201,193,192,192,200,206,209,204,201,199,200,201,200,195,190,190,195,200,202,204,202,204,202,203,202,197,198,196,199,204,204,207,204,202,205
"강원도","60세이상",109,117,155,178,188,191,196,193,191,194,185,150,115,123,171,193,199,199,200,202,206,203,202,154,127,146,197,214,219,215,218,220,224,227,222,168,149,178,212,217,226,228,227,228,227,227,225,162,142,182,230,238,249,254,254,252,256,258,255,200,165,213,232,252,259,264,266,267,267,267,265,205,181,225,255,270,278,281,280,281,282,280,276,209,187,218,246,278,286,285,287,287,288,294,292,196,204,242,263,299,308,310,310,309,312
"강원도","15 - 64세",646,656,677,699,709,710,711,710,698,699,699,657,644,642,676,684,692,698,692,696,699,699,697,665,661,655,682,700,706,700,716,717,710,702,699,672,660,657,672,672,682,683,678,683,675,681,679,647,627,635,662,670,682,688,688,686,677,681,687,667,642,645,654,670,681,680,680,675,679,680,675,659,643,646,673,690,702,696,686,691,685,686,680,660,647,642,655,680,689,687,693,690,684,686,683,657,644,643,648,674,680,678,671,665,672
"강원도","15 - 24세",48,45,48,52,56,55,58,59,55,57,55,51,57,54,54,50,52,50,51,51,45,44,42,38,47,42,47,48,47,44,56,58,52,46,47,49,50,47,45,44,45,45,43,48,41,42,41,41,39,38,37,42,44,46,50,45,38,38,35,31,32,31,27,27,29,29,32,35,31,31,31,34,37,34,37,39,38,38,39,40,35,38,39,36,38,36,36,38,38,38,44,40,36,36,37,36,38,35,33,34,37,33,34,34,32
"충청북도","계",798,798,840,868,882,880,875,877,899,891,877,842,822,820,858,889,890,910,901,895,890,892,896,854,836,846,869,883,900,890,893,896,895,901,889,865,858,868,884,887,908,911,909,897,898,890,900,870,831,861,885,897,911,912,906,914,911,921,917,903,879,892,918,928,942,948,939,941,935,942,941,906,875,905,945,949,955,954,948,951,953,954,946,929,907,918,941,968,970,975,965,963,956,956,959,927,923,935,973,984,993,986,984,991,996
"충청북도","15 - 29세",118,117,125,131,138,133,126,132,142,136,127,129,132,126,131,132,130,136,140,141,133,139,137,127,129,126,128,125,131,122,126,127,125,130,127,126,126,123,124,125,129,124,125,121,124,120,125,125,128,131,131,127,129,131,130,126,127,131,129,130,132,130,139,135,138,137,139,137,128,133,138,127,129,127,131,130,133,126,124,127,128,124,122,125,125,120,121,126,124,126,127,128,122,120,122,120,122,118,119,120,118,119,120,119,122
"충청북도","15 - 19세",7,7,6,7,6,5,8,7,9,8,8,9,9,9,11,11,10,12,11,11,9,9,9,7,11,11,8,6,7,6,8,8,5,5,5,7,7,6,6,5,7,6,6,5,4,4,5,5,6,4,4,4,4,4,6,7,7,6,5,4,7,6,6,5,6,4,7,7,5,4,8,6,7,5,7,7,7,5,2,2,2,2,2,2,3,3,5,6,7,7,6,6,5,5,4,3,5,4,4,4,5,5,6,4,6
"충청북도","20 - 29세",111,110,119,125,132,128,118,125,133,128,119,119,123,117,120,121,119,123,130,129,125,129,127,120,118,115,120,119,124,115,118,119,120,124,121,119,119,117,118,120,123,118,120,116,120,115,120,120,122,127,127,123,125,127,124,120,120,125,124,126,125,124,133,130,132,133,132,131,123,129,129,120,123,122,124,123,126,121,122,125,126,122,120,123,121,116,116,120,118,119,121,121,117,114,118,116,117,115,115,115,113,115,114,115,116
"충청북도","30 - 39세",162,162,166,164,165,165,166,166,168,166,166,161,159,161,162,166,164,165,161,160,163,161,164,160,163,161,163,164,167,168,165,164,164,165,163,166,166,165,166,160,165,166,168,161,160,161,160,159,157,159,154,156,155,153,151,154,150,150,148,149,150,152,152,156,154,157,158,157,156,155,155,156,153,158,162,160,163,164,163,164,164,162,158,155,158,158,160,165,167,166,164,159,159,160,162,168,169,167,172,173,176,173,175,174,176
"충청북도","40 - 49세",213,209,212,213,213,215,217,211,213,211,212,208,202,205,208,207,206,208,205,205,206,204,205,202,200,201,200,202,201,199,198,199,199,199,196,195,192,192,196,198,195,194,194,192,193,193,196,196,187,191,196,197,198,198,198,200,199,200,198,196,189,191,190,189,188,189,188,189,191,190,191,188,188,189,190,190,190,188,185,182,183,187,186,185,182,183,185,187,188,187,185,184,184,185,184,184,184,185,187,188,190,191,188,189,191
"충청북도","50 - 59세",197,200,205,210,211,212,211,213,216,215,213,208,204,204,209,214,212,216,213,210,209,211,213,210,204,206,208,212,211,211,213,215,213,213,211,208,207,212,211,216,217,224,222,223,222,216,219,212,206,208,210,212,216,215,214,215,216,216,218,214,214,212,216,216,219,220,215,217,216,218,216,214,203,210,218,220,219,220,219,220,219,218,220,221,219,219,222,226,225,229,227,226,224,226,225,222,219,217,223,225,226,224,222,226,225
"충청북도","60세이상",109,111,132,149,155,155,155,155,161,163,159,136,125,125,148,171,178,185,182,179,180,176,178,154,140,152,169,180,189,191,191,192,194,195,193,170,167,175,186,189,201,205,199,200,200,200,201,179,153,172,195,204,213,215,213,218,220,224,225,214,194,207,221,233,243,246,239,241,245,245,241,222,201,222,243,248,250,257,258,258,259,264,260,242,224,238,254,265,266,267,262,267,267,266,266,234,230,249,272,278,283,279,279,282,283
"충청북도","15 - 64세",746,745,771,787,795,793,786,791,810,800,790,771,760,757,778,790,786,800,794,790,784,788,791,768,763,763,770,776,787,775,778,782,779,786,776,774,771,771,778,779,792,792,792,781,783,775,786,772,755,773,778,784,793,793,789,793,791,798,796,789,782,783,796,797,804,808,804,803,793,800,802,781,768,778,804,805,809,803,795,798,798,795,790,789,780,778,787,804,805,806,800,795,786,786,789,787,787,781,800,805,813,807,804,807,811
"충청북도","15 - 24세",53,52,60,62,64,61,57,59,63,60,57,56,58,56,60,60,57,61,64,65,57,61,59,54,57,59,56,52,57,51,55,56,51,53,53,51,51,49,48,49,56,51,51,47,47,41,45,43,50,53,54,46,47,49,51,53,49,50,49,49,48,45,45,43,50,50,53,49,42,46,48,40,44,41,45,44,47,42,41,41,41,39,41,43,44,39,38,38,42,45,46,45,42,39,37,35,37,35,34,36,39,37,41,38,39
"충청남도","계",1051,1041,1098,1149,1162,1175,1169,1169,1183,1178,1177,1133,1098,1087,1130,1182,1201,1198,1222,1218,1226,1219,1220,1147,1136,1141,1192,1209,1222,1216,1212,1204,1209,1229,1211,1169,1114,1120,1147,1173,1190,1205,1209,1206,1205,1220,1192,1132,1071,1110,1165,1203,1224,1224,1230,1228,1234,1239,1219,1169,1123,1130,1197,1221,1249,1251,1264,1268,1271,1283,1267,1185,1151,1162,1223,1255,1281,1299,1274,1279,1282,1280,1285,1204,1151,1173,1234,1280,1289,1300,1284,1295,1300,1308,1305,1251,1213,1227,1280,1311,1333,1325,1320,1307,1326
"충청남도","15 - 29세",163,161,150,159,161,158,162,160,154,149,153,151,166,167,159,162,162,164,181,174,172,166,170,175,188,185,182,169,174,171,173,165,160,167,167,169,161,160,152,154,157,159,161,163,160,163,149,145,149,151,153,149,154,156,164,159,156,156,155,154,151,157,167,164,163,160,170,166,157,160,157,161,156,152,156,157,161,167,164,160,155,150,156,152,158,158,153,152,151,150,146,150,151,151,155,155,163,161,162,161,164,163,163,154,154
"충청남도","15 - 19세",11,11,8,10,11,10,11,7,8,5,6,8,10,12,7,7,7,8,11,12,11,10,10,13,16,13,11,8,6,7,7,6,7,9,9,10,7,6,5,6,6,7,9,7,5,5,6,4,6,4,4,5,7,7,6,7,7,8,8,9,10,10,10,9,9,8,11,10,6,7,5,6,7,7,7,5,6,7,7,7,5,7,7,6,6,6,6,4,4,5,3,3,4,4,3,3,6,7,7,7,7,7,8,6,4
"충청남도","20 - 29세",152,150,142,149,149,148,151,153,146,144,147,143,156,155,151,156,154,156,170,162,161,156,160,162,172,171,171,162,168,165,166,159,154,158,157,158,154,154,148,148,151,152,152,155,155,158,143,141,143,147,149,144,147,148,158,152,149,148,147,145,141,148,157,155,155,153,159,156,151,153,153,156,149,145,149,151,155,160,158,153,149,143,149,146,152,153,147,148,147,145,144,147,147,147,152,152,157,154,155,154,157,157,155,148,150
"충청남도","30 - 39세",238,233,238,238,242,250,244,244,248,247,247,244,239,241,240,242,243,237,234,233,235,237,233,228,229,226,231,228,230,227,228,226,227,229,226,229,228,224,229,224,221,220,223,223,212,223,223,218,214,215,212,216,221,223,224,223,226,226,227,222,217,212,216,218,219,222,226,227,233,235,233,229,226,222,220,220,225,224,223,221,218,218,219,217,219,213,221,223,223,226,228,226,223,224,228,230,227,226,227,238,243,239,234,235,239
"충청남도","40 - 49세",262,262,267,269,268,268,268,270,276,277,276,275,273,269,271,272,271,271,274,276,278,273,276,272,270,269,270,272,277,278,277,275,278,281,279,276,272,267,266,274,277,278,275,271,267,269,268,264,254,256,259,266,270,270,271,274,274,272,270,266,265,262,260,257,258,258,257,257,261,266,262,256,255,258,260,262,262,264,265,268,275,273,273,267,266,268,269,272,270,271,272,270,271,270,273,268,268,263,267,274,272,274,271,268,274
"충청남도","50 - 59세",245,241,249,256,257,262,260,256,256,255,253,250,242,239,251,260,265,265,269,268,270,266,266,260,256,257,269,276,270,273,271,272,270,272,272,261,248,245,255,258,259,265,267,263,269,269,266,256,248,253,266,276,272,267,264,262,268,270,267,263,251,254,267,270,274,275,276,278,278,278,275,265,259,262,268,273,271,273,266,269,271,273,273,267,259,265,274,280,283,284,279,283,287,291,289,283,273,274,282,282,284,284,285,281,282
"충청남도","60세이상",144,144,194,227,234,238,236,238,250,251,247,213,177,173,209,246,260,261,263,267,272,276,275,211,193,204,241,265,271,267,264,267,273,280,268,235,206,223,246,262,276,283,284,287,297,297,287,249,206,236,274,296,306,309,307,310,311,316,301,266,239,245,288,311,335,337,336,341,341,345,340,274,255,269,319,343,361,370,355,360,364,367,363,301,250,268,317,354,362,369,359,365,368,372,361,315,282,304,342,356,370,365,367,369,377
"충청남도","15 - 64세",979,965,982,1008,1015,1025,1019,1019,1020,1014,1020,1004,998,991,1002,1027,1037,1035,1057,1050,1055,1044,1048,1025,1031,1028,1046,1048,1055,1051,1050,1040,1041,1059,1046,1030,1002,993,999,1012,1020,1030,1032,1029,1020,1035,1012,986,958,971,993,1017,1029,1026,1033,1028,1034,1036,1030,1011,985,986,1015,1023,1036,1036,1052,1051,1052,1065,1055,1023,1004,1003,1021,1033,1049,1059,1045,1051,1051,1046,1051,1021,1014,1017,1034,1049,1051,1055,1046,1057,1060,1063,1072,1057,1044,1037,1057,1078,1091,1084,1081,1065,1075
"충청남도","15 - 24세",75,77,69,76,75,74,79,74,70,58,64,62,73,73,64,64,64,66,75,72,71,68,68,71,82,78,81,72,74,74,71,68,63,70,72,70,65,64,62,61,64,66,69,69,64,63,55,53,54,55,59,55,57,54,62,59,58,57,50,48,55,58,59,57,55,53,61,57,53,52,49,52,51,48,51,50,53,59,57,53,50,48,51,51,53,56,53,51,52,50,46,49,50,51,51,48,50,56,53,52,57,59,61,55,52
"전라북도","계",890,878,914,936,944,935,933,923,938,935,934,890,870,881,901,921,930,929,927,916,930,933,929,907,894,902,911,933,943,944,941,927,933,933,942,927,907,904,907,913,931,944,946,943,951,956,966,917,893,928,947,948,961,977,971,969,970,972,970,924,923,933,947,976,991,990,1005,984,985,985,981,918,929,963,969,980,997,993,1000,1003,1003,999,1003,955,950,970,992,998,1010,1005,1009,1002,997,1002,991,924,938,958,971,977,990,994,1000,1001,1008
"전라북도","15 - 29세",108,101,102,109,111,111,109,102,109,103,102,99,102,111,105,101,100,95,97,95,99,101,100,99,98,97,99,104,108,105,103,96,100,100,101,100,97,93,85,85,87,89,96,95,96,98,105,100,98,101,104,102,100,106,108,108,109,114,112,111,112,104,105,107,114,111,116,113,113,110,106,103,106,111,105,103,104,103,111,109,110,106,108,107,101,99,103,102,104,98,100,101,99,102,101,98,99,98,95,94,96,95,98,98,101
"전라북도","15 - 19세",5,5,6,5,4,3,4,4,3,3,3,6,6,6,6,3,3,3,4,4,5,4,4,3,1,2,4,5,6,5,4,3,4,5,5,6,5,4,3,2,3,3,2,2,3,5,6,6,6,6,5,3,2,5,6,6,5,5,4,5,4,4,4,6,6,7,8,8,7,6,5,3,4,5,5,3,4,4,6,5,4,4,3,4,2,2,2,3,3,2,3,4,3,3,3,2,3,2,1,1,2,1,1,2,2
"전라북도","20 - 29세",102,96,96,104,107,108,105,98,106,101,99,93,96,105,99,98,97,92,93,92,94,97,96,97,97,96,96,98,102,100,99,93,97,95,96,94,92,89,83,83,84,87,94,94,94,94,99,94,92,95,99,99,98,101,102,102,104,109,108,106,108,100,100,101,107,104,109,105,107,104,101,100,102,106,100,100,100,99,104,104,106,103,105,104,99,97,101,99,102,96,97,97,96,99,98,96,96,96,94,94,94,94,97,96,99
"전라북도","30 - 39세",165,162,163,159,161,156,159,158,160,158,165,164,158,155,158,159,160,162,161,157,159,159,159,159,160,156,155,153,153,152,154,150,150,151,152,152,153,149,145,144,147,151,149,149,153,153,152,150,147,146,145,140,141,143,141,137,137,135,137,136,135,131,128,133,136,136,141,141,143,143,144,140,140,141,144,143,145,145,143,143,147,145,143,142,140,142,144,143,144,147,144,143,145,144,145,142,143,145,147,148,149,151,153,152,151
"전라북도","40 - 49세",230,227,235,234,233,234,233,225,225,228,225,228,222,224,228,223,221,221,223,219,222,220,220,219,217,218,215,218,216,217,214,211,210,210,212,212,208,207,208,205,203,203,204,204,202,204,210,208,206,204,203,204,204,209,207,208,206,206,208,206,207,208,211,210,209,208,204,201,201,202,202,202,199,197,195,200,199,195,195,192,191,193,193,192,189,189,190,190,189,190,192,192,189,189,186,184,182,183,182,186,186,187,188,187,187
"전라북도","50 - 59세",218,217,223,227,227,224,225,226,229,226,225,215,217,219,214,222,223,223,223,221,222,224,222,222,219,219,218,223,225,227,227,226,226,222,225,226,223,221,223,225,227,231,228,227,225,227,225,219,219,217,224,223,225,223,220,221,224,226,225,220,219,221,223,230,227,229,228,224,224,227,228,225,229,229,228,227,233,232,232,236,234,235,241,237,233,234,238,241,245,245,246,244,244,245,242,241,238,237,238,237,238,239,236,235,235
"전라북도","60세이상",169,170,192,207,212,211,208,212,215,220,216,184,171,173,196,216,226,228,224,225,229,229,229,207,200,212,223,235,241,244,244,244,247,251,253,238,227,234,246,255,268,270,269,267,274,275,274,241,223,261,272,279,292,297,295,296,294,292,288,251,250,270,281,297,305,307,315,306,304,304,301,248,256,284,297,307,316,318,320,323,322,320,318,277,287,306,317,323,328,326,328,322,321,323,318,259,276,296,308,313,321,322,324,329,334
"전라북도","15 - 64세",789,774,792,803,809,800,799,788,800,795,795,777,767,777,779,785,785,783,783,772,783,787,784,780,775,770,771,783,787,788,786,771,775,773,780,778,763,755,750,748,756,768,771,770,775,780,791,769,762,764,773,769,773,785,779,777,779,782,782,772,765,758,762,777,788,786,795,778,780,777,775,759,761,770,765,770,780,775,781,784,785,781,786,773,760,766,778,780,784,780,781,776,772,776,771,758,750,750,753,757,765,767,770,768,772
"전라북도","15 - 24세",50,46,42,49,52,50,51,45,46,45,47,45,46,46,46,46,47,43,43,40,42,45,45,43,43,42,45,44,42,42,40,34,37,40,40,40,40,37,31,31,35,39,40,39,37,37,43,38,37,35,38,35,38,42,43,40,43,43,42,43,44,42,42,44,48,48,50,48,47,43,40,40,42,42,41,39,40,38,43,39,39,38,38,38,32,33,33,35,36,32,35,38,32,33,31,29,30,29,25,25,29,29,30,32,36
"전라남도","계",904,920,941,956,971,973,963,965,978,981,978,952,927,920,942,968,973,969,965,962,974,982,979,971,941,948,967,968,976,975,968,978,998,999,993,974,956,968,960,960,981,991,983,982,982,988,985,953,920,951,970,982,1001,1002,992,1000,1010,1017,1008,964,964,985,994,1013,1037,1021,1011,1021,1030,1026,1034,989,980,1003,1027,1035,1046,1041,1030,1022,1020,1018,1016,987,970,991,1011,1016,1021,1013,1015,1012,1010,1010,1016,966,962,983,1000,1008,1013,1016,1004,1004,1007
"전라남도","15 - 29세",98,100,93,96,100,98,96,97,97,94,92,90,93,92,93,94,91,88,96,97,99,102,103,104,91,92,90,93,91,87,91,96,105,105,106,105,99,99,99,95,98,93,95,94,92,90,89,84,84,82,83,82,92,93,89,92,98,96,94,91,95,93,91,97,100,94,92,94,94,94,97,88,90,89,88,89,92,88,90,92,90,89,97,95,89,87,90,92,89,90,91,94,98,100,100,95,91,87,93,99,102,101,99,97,95
"전라남도","15 - 19세",10,11,7,8,7,7,8,8,8,7,8,8,8,9,10,10,10,9,10,7,7,7,7,6,4,5,4,6,6,3,4,4,4,3,4,4,7,5,6,5,6,3,5,6,4,4,3,3,3,3,3,3,4,5,4,3,3,3,2,2,5,5,3,4,6,5,6,6,5,5,5,5,6,4,3,3,4,3,5,4,1,2,3,3,2,2,2,3,4,5,6,7,6,6,5,4,4,4,3,4,2,5,3,3,4
"전라남도","20 - 29세",88,89,86,88,93,91,87,89,89,86,85,82,84,83,83,84,81,79,86,90,91,95,96,98,86,87,86,87,85,83,87,92,101,102,102,101,92,94,92,90,92,90,90,88,87,86,86,80,81,79,79,79,88,89,86,88,95,92,92,89,90,87,89,93,95,90,86,88,89,89,92,83,85,85,85,87,89,85,86,88,89,87,94,92,87,85,88,89,85,84,85,87,91,94,95,92,87,83,90,95,100,95,96,94,91
"전라남도","30 - 39세",150,153,154,149,153,155,154,157,157,157,156,153,152,154,151,155,155,154,154,152,154,159,153,156,156,153,151,150,147,147,143,146,152,148,145,144,146,145,136,137,141,144,143,145,141,146,145,142,140,138,138,136,137,136,131,133,135,134,134,131,131,130,130,130,130,129,131,130,134,131,133,131,132,132,130,130,131,129,130,129,127,126,124,124,122,124,129,128,125,123,126,127,125,124,126,123,125,124,123,127,125,127,126,127,126
"전라남도","40 - 49세",208,208,207,211,208,210,210,209,214,215,216,214,211,209,207,208,210,211,210,208,211,213,213,211,205,206,203,201,204,204,205,207,208,210,209,208,207,209,208,206,203,208,208,208,210,207,205,206,205,206,205,204,205,203,200,202,205,206,205,206,201,201,201,202,205,202,198,199,198,199,198,195,194,195,198,199,198,198,195,191,193,193,192,191,195,193,191,187,186,187,189,189,182,183,184,184,183,185,186,187,186,183,182,179,181
"전라남도","50 - 59세",224,228,226,229,232,232,227,226,232,234,236,234,227,227,229,235,235,236,230,228,228,230,234,234,233,236,240,240,245,245,243,244,243,243,242,241,237,239,234,233,235,236,234,235,235,237,236,233,232,231,233,235,237,241,242,242,241,246,244,240,238,241,241,242,250,248,243,248,253,253,252,251,250,254,256,254,257,256,250,249,246,244,241,240,242,243,245,246,248,245,248,243,243,241,241,240,235,239,239,237,236,238,234,236,237
"전라남도","60세이상",224,232,261,271,279,277,277,276,279,282,279,261,244,239,262,275,281,280,275,277,282,278,277,266,255,260,283,285,289,292,285,285,290,292,291,276,268,277,283,290,304,310,303,301,304,310,311,288,259,295,311,325,332,330,330,332,332,335,331,296,298,321,331,342,351,348,347,350,352,350,354,324,313,333,356,363,369,370,365,361,364,366,362,338,323,345,358,364,372,369,362,359,361,362,365,323,329,348,359,359,365,367,363,364,369
"전라남도","15 - 64세",753,764,760,769,775,779,771,774,786,787,788,777,766,761,763,780,782,780,779,773,782,794,790,792,775,776,776,775,778,776,775,787,805,805,802,797,785,785,774,769,776,781,776,775,774,775,772,760,751,750,757,762,775,778,766,773,783,789,785,772,767,769,772,780,798,784,772,783,790,789,797,780,777,780,787,793,798,793,782,776,772,767,768,760,756,753,764,764,762,755,761,758,754,754,757,744,732,736,743,751,748,750,740,741,742
"전라남도","15 - 24세",45,43,36,36,37,37,36,35,39,37,36,34,34,33,34,34,32,31,38,39,40,41,43,42,36,35,33,32,28,26,28,33,39,37,41,43,44,42,42,40,41,39,43,38,35,35,34,32,36,30,32,30,37,36,34,35,39,39,38,37,42,40,41,46,48,45,43,44,41,40,41,35,37,37,37,36,37,36,37,37,35,35,41,40,36,34,36,38,36,39,37,39,41,42,41,36,32,30,34,36,40,39,41,38,35
"경상북도","계",1389,1404,1433,1446,1477,1481,1469,1458,1467,1468,1457,1409,1373,1359,1402,1439,1442,1446,1440,1440,1448,1462,1466,1402,1362,1387,1414,1423,1438,1447,1447,1450,1447,1457,1473,1418,1393,1407,1392,1395,1421,1424,1445,1441,1438,1438,1444,1385,1334,1353,1383,1408,1421,1421,1438,1432,1447,1450,1437,1397,1369,1399,1446,1471,1505,1501,1489,1491,1476,1493,1484,1416,1386,1428,1464,1492,1504,1493,1466,1457,1474,1486,1475,1414,1400,1425,1445,1471,1492,1490,1483,1474,1481,1483,1484,1413,1409,1419,1464,1485,1502,1500,1502,1516,1525
"경상북도","15 - 29세",172,174,174,171,181,183,181,176,171,175,165,163,162,150,147,162,155,153,162,166,163,168,165,163,158,159,159,156,159,161,169,167,167,167,166,160,167,165,150,140,149,145,163,157,157,161,158,149,150,147,145,145,149,150,157,146,152,153,158,164,163,158,158,163,174,170,165,159,160,167,149,154,146,148,145,145,147,145,142,138,138,145,146,146,143,142,141,140,145,151,154,149,146,144,148,147,140,139,139,143,146,143,151,160,159
"경상북도","15 - 19세",9,11,11,12,14,13,9,10,8,8,7,7,9,8,6,8,5,5,8,9,9,8,8,7,8,6,9,8,8,10,10,10,9,8,8,6,8,7,7,7,8,7,8,7,7,5,5,4,5,6,5,6,6,2,5,4,4,4,3,3,4,5,5,6,11,10,8,8,7,7,5,6,6,8,6,7,7,4,5,5,6,5,5,5,6,5,4,4,5,5,6,5,5,5,5,4,3,3,3,6,6,5,5,6,5
"경상북도","20 - 29세",163,163,163,159,167,170,172,167,163,167,158,155,153,143,141,154,150,148,154,157,154,160,157,157,150,153,150,148,151,152,160,157,158,160,158,154,159,158,143,133,141,138,155,150,150,156,153,144,145,141,140,139,142,147,152,142,148,149,155,162,159,153,152,157,163,161,157,151,153,159,144,148,140,141,139,138,139,140,137,133,133,140,141,141,137,136,136,136,141,146,149,144,141,139,143,143,137,136,137,137,141,138,146,155,154
"경상북도","30 - 39세",255,254,251,252,252,251,249,244,248,244,248,245,247,247,248,247,247,248,245,246,246,249,248,249,246,248,246,244,241,241,243,243,234,234,241,237,231,229,226,222,226,223,231,230,220,218,218,212,205,203,201,204,206,202,206,206,211,209,204,207,210,211,221,219,221,216,212,213,213,208,212,208,205,203,205,208,207,208,208,210,214,210,211,206,206,207,202,203,201,206,209,205,208,208,214,210,211,212,213,215,213,215,217,216,215
"경상북도","40 - 49세",338,340,337,336,339,341,345,347,343,343,341,340,339,329,331,328,323,322,324,316,320,318,322,318,315,312,314,314,312,312,307,310,314,315,316,313,312,308,303,301,299,304,301,302,301,300,300,294,290,286,288,285,286,284,285,289,293,292,289,286,280,282,286,287,291,291,293,297,291,294,298,291,287,289,287,289,288,279,275,271,275,277,275,270,268,271,275,281,281,280,277,283,283,282,276,274,270,268,273,273,277,277,277,279,278
"경상북도","50 - 59세",341,343,350,348,356,355,355,352,352,356,356,347,341,345,348,360,358,358,355,352,353,357,363,355,348,351,355,353,359,361,354,350,350,350,356,352,341,345,345,348,350,351,345,348,349,347,351,345,340,338,339,345,343,338,343,341,343,345,349,339,336,340,344,348,354,356,355,351,351,354,352,351,340,343,357,359,364,365,358,355,353,354,352,349,341,346,346,351,357,346,344,343,341,347,343,341,336,332,335,335,336,335,333,331,340
"경상북도","60세이상",282,293,321,339,350,351,340,340,352,350,347,314,284,288,327,343,359,365,355,360,367,371,369,316,294,317,340,357,367,372,375,381,382,392,393,356,341,361,368,385,396,401,406,405,412,412,418,385,349,379,410,429,437,448,448,450,449,451,437,402,380,407,438,454,466,468,464,470,462,470,474,412,408,444,470,492,498,497,482,482,494,501,491,443,442,460,480,497,508,507,499,495,503,503,503,442,453,468,504,520,529,531,524,530,534
"경상북도","15 - 64세",1217,1224,1233,1231,1257,1257,1254,1242,1244,1244,1236,1211,1201,1182,1193,1218,1210,1209,1209,1208,1211,1224,1227,1208,1188,1195,1203,1200,1212,1217,1215,1214,1209,1211,1226,1204,1190,1188,1158,1151,1173,1174,1194,1188,1180,1181,1185,1154,1129,1120,1129,1135,1140,1137,1151,1144,1160,1157,1158,1152,1143,1143,1170,1185,1208,1201,1186,1185,1178,1188,1179,1165,1132,1142,1164,1177,1182,1171,1153,1142,1149,1159,1154,1138,1116,1120,1123,1140,1153,1150,1145,1138,1139,1145,1148,1131,1111,1102,1121,1130,1137,1139,1144,1154,1162
"경상북도","15 - 24세",75,76,80,77,81,82,75,74,69,72,64,62,64,56,55,64,57,57,61,64,65,69,67,66,63,62,67,62,64,64,73,70,69,70,70,67,72,67,53,49,58,55,65,59,60,59,55,50,54,53,57,56,64,62,70,58,59,57,55,59,62,63,60,68,73,68,67,64,64,66,53,59,53,57,56,57,57,58,60,62,58,60,62,60,56,55,50,53,58,59,64,61,52,54,52,49,47,48,44,44,46,45,53,56,55
"경상남도","계",1678,1686,1706,1740,1740,1731,1731,1726,1736,1744,1731,1725,1688,1691,1711,1733,1772,1786,1781,1749,1777,1764,1763,1741,1714,1720,1748,1741,1757,1755,1752,1755,1753,1767,1771,1751,1736,1735,1718,1713,1724,1743,1744,1744,1729,1735,1747,1684,1654,1681,1712,1748,1766,1772,1764,1753,1760,1755,1743,1674,1674,1709,1750,1763,1768,1767,1753,1741,1740,1748,1760,1713,1680,1707,1758,1781,1795,1801,1779,1765,1768,1783,1772,1735,1716,1740,1766,1775,1789,1784,1756,1757,1757,1765,1775,1715,1748,1760,1784,1794,1803,1798,1790,1809,1823
"경상남도","15 - 29세",211,217,219,219,215,213,221,215,207,209,201,207,204,201,194,196,212,214,215,203,218,205,206,206,207,220,211,211,215,208,199,198,189,197,195,199,200,197,179,189,186,194,199,194,181,178,188,182,183,190,191,201,198,203,196,193,195,191,183,171,187,188,198,195,194,195,189,176,181,182,183,180,181,173,184,184,193,195,190,180,160,163,161,157,156,159,168,161,166,163,160,165,155,155,150,142,148,153,161,158,162,156,158,171,172
"경상남도","15 - 19세",11,14,12,12,11,14,15,16,14,12,9,10,9,10,12,13,13,12,11,10,8,8,8,8,10,14,14,14,13,13,13,11,10,10,11,15,15,13,8,6,9,11,12,11,8,7,10,9,9,13,11,11,12,14,14,13,9,9,4,5,10,7,10,9,11,13,9,11,7,6,7,10,12,9,9,6,11,11,14,16,11,10,8,9,11,8,8,7,8,9,12,13,9,6,5,6,8,10,10,10,10,8,9,11,9
"경상남도","20 - 29세",200,203,207,207,205,199,206,200,193,197,192,198,195,191,182,183,199,202,205,194,210,197,198,198,197,206,197,197,201,195,186,187,179,188,185,183,185,185,172,183,177,183,187,184,173,171,179,173,174,177,181,190,186,189,183,180,187,182,179,166,177,181,188,187,183,182,180,165,175,176,176,170,169,164,175,178,182,184,176,163,149,153,153,148,146,151,160,154,158,154,149,152,146,149,145,136,140,142,152,148,152,148,149,160,163
"경상남도","30 - 39세",338,339,334,345,342,342,339,330,343,340,337,340,340,337,340,348,347,348,347,341,349,348,352,357,358,355,360,356,349,352,347,343,347,344,345,345,339,337,330,325,323,326,325,323,325,320,319,312,312,304,301,299,303,302,298,284,287,278,278,267,274,278,276,283,281,278,283,277,279,279,278,274,266,272,276,277,282,281,277,271,278,288,284,279,271,271,275,282,279,282,273,277,278,282,283,282,278,281,281,288,281,281,280,274,285
"경상남도","40 - 49세",451,445,446,448,444,448,446,447,448,444,444,444,441,441,438,441,444,448,443,443,441,446,443,438,429,431,428,416,418,420,429,428,434,431,429,420,426,419,418,411,409,414,410,408,404,407,415,408,404,399,409,406,409,406,412,405,407,403,399,392,390,400,393,389,391,388,390,394,390,384,391,388,394,393,394,402,398,401,402,402,404,397,402,401,398,399,396,402,399,397,392,383,387,388,397,395,400,395,397,398,401,401,399,400,398
"경상남도","50 - 59세",419,424,427,432,433,429,430,432,433,438,439,435,431,431,429,432,442,441,437,430,432,433,430,432,427,425,427,429,431,429,432,434,437,440,447,448,442,437,428,424,427,417,415,419,424,428,426,416,408,413,418,429,429,431,432,433,433,443,442,443,440,434,449,443,445,447,441,439,443,448,453,450,446,447,457,460,458,459,456,453,461,469,463,462,456,454,457,457,462,464,454,454,453,453,453,451,455,453,454,448,448,450,450,452,459
"경상남도","60세이상",259,261,281,297,305,299,295,301,306,314,310,299,273,281,311,316,326,335,339,332,338,333,333,307,293,290,322,329,344,347,346,351,347,355,356,339,329,345,364,365,379,394,395,400,395,402,399,365,348,374,394,414,427,431,427,438,438,441,441,401,384,410,434,452,456,460,450,455,446,455,455,422,393,422,446,459,465,465,455,459,466,466,462,436,436,457,470,474,482,478,476,478,485,487,492,445,467,479,491,502,511,510,504,512,510
"경상남도","15 - 64세",1538,1547,1551,1575,1569,1565,1565,1552,1563,1567,1554,1558,1539,1537,1537,1554,1586,1593,1587,1560,1582,1570,1573,1572,1560,1562,1569,1554,1564,1565,1559,1556,1554,1561,1568,1562,1556,1539,1506,1502,1498,1509,1512,1505,1493,1492,1508,1473,1454,1457,1475,1499,1508,1515,1507,1493,1500,1495,1487,1447,1462,1474,1503,1503,1503,1499,1486,1473,1478,1478,1492,1474,1460,1460,1494,1514,1523,1530,1513,1496,1494,1507,1494,1479,1454,1458,1475,1480,1486,1485,1454,1457,1456,1460,1470,1454,1456,1456,1474,1478,1482,1480,1479,1489,1503
"경상남도","15 - 24세",79,83,88,89,83,84,90,87,82,82,75,79,77,75,71,72,80,78,80,69,81,76,75,77,80,90,83,96,95,90,77,79,70,75,80,81,79,81,69,70,69,78,88,87,69,67,72,65,65,67,69,76,72,78,75,77,77,76,67,58,74,75,81,76,76,78,75,73,71,75,77,76,76,71,80,76,77,81,79,79,61,62,61,60,60,66,65,68,74,69,71,75,65,63,62,59,64,64,66,63,65,59,61,64,62
"제주도","계",364,366,372,375,377,375,380,374,375,374,383,378,369,361,369,370,371,371,371,371,373,375,383,379,375,376,375,378,382,383,377,384,382,389,389,390,389,380,370,370,373,369,376,379,380,381,391,379,365,377,384,389,387,386,380,381,378,386,393,389,389,392,397,393,395,402,401,405,406,416,416,408,391,391,393,398,402,403,403,406,406,408,411,400,401,398,401,400,404,404,402,402,400,400,401,393,396,399,397,399,406,409,404,403,402
"제주도","15 - 29세",52,53,51,53,54,52,55,51,48,45,50,49,52,51,49,51,49,51,50,50,49,48,51,48,50,49,50,48,49,49,48,48,47,47,47,48,48,44,43,43,47,45,46,46,47,44,48,45,44,46,45,47,49,49,46,45,44,42,46,50,50,49,47,47,48,50,50,53,55,55,55,51,51,51,47,48,49,47,49,49,47,46,48,48,49,43,46,44,46,43,43,39,39,38,37,39,41,40,40,39,43,42,43,43,41
"제주도","15 - 19세",4,4,4,3,4,3,4,3,3,2,1,1,3,3,1,1,1,2,3,3,2,2,3,3,3,3,3,2,4,4,3,4,3,4,3,4,5,3,3,3,4,4,5,4,4,4,4,4,6,7,5,4,5,5,5,4,4,3,3,5,5,4,4,4,4,4,4,5,5,5,5,3,3,3,2,1,2,3,4,2,2,1,2,2,3,2,2,2,2,2,2,2,2,1,2,2,2,2,1,1,1,1,1,1,2
"제주도","20 - 29세",47,49,47,50,50,50,51,48,45,43,48,48,49,48,48,50,49,49,47,47,46,46,48,45,47,46,47,46,45,44,45,45,44,43,44,44,44,41,40,40,44,41,42,41,42,40,44,40,38,40,41,43,44,45,41,41,40,39,43,45,45,45,43,43,44,46,46,48,50,50,50,48,48,48,45,47,47,44,45,46,45,45,46,46,46,41,44,42,43,41,41,38,37,36,35,37,39,38,39,38,42,41,42,41,39
"제주도","30 - 39세",73,73,75,74,76,74,75,75,74,76,77,77,75,74,75,73,74,73,72,72,73,75,76,76,72,72,71,71,71,70,68,70,70,69,69,70,71,69,67,67,67,67,68,68,68,68,70,68,68,68,67,67,66,66,65,67,66,68,68,68,69,70,70,70,70,71,71,70,71,72,71,71,69,68,67,67,67,68,69,70,70,70,70,69,68,68,67,67,66,65,65,67,66,67,66,65,66,67,64,66,66,66,65,64,63
"제주도","40 - 49세",94,94,95,95,95,95,96,94,95,94,94,93,95,94,94,92,93,93,92,92,92,93,94,95,96,97,95,95,95,95,96,96,96,96,96,97,96,95,92,93,92,90,90,92,93,94,94,95,93,93,93,95,95,93,92,91,91,92,92,95,95,94,96,93,93,96,95,95,94,96,96,96,93,93,94,94,95,96,95,95,96,95,95,95,94,95,96,97,97,96,95,96,95,95,95,94,94,91,91,92,91,93,93,92,92
"제주도","50 - 59세",82,83,85,85,86,86,87,85,88,88,89,89,87,86,84,86,87,89,89,89,90,87,89,86,86,85,85,89,89,90,89,89,89,94,92,94,93,91,88,87,85,84,87,88,89,89,91,89,87,87,91,91,89,90,91,91,89,93,93,92,91,90,91,90,91,92,94,93,93,95,96,94,91,93,94,97,98,98,98,99,99,101,101,100,98,98,98,97,99,100,99,100,100,101,102,102,99,100,98,99,99,99,97,97,99
"제주도","60세이상",63,63,66,68,66,67,68,69,69,70,73,70,60,58,68,68,69,66,68,70,70,72,74,74,70,74,73,76,79,79,77,81,79,83,85,81,81,81,81,81,82,82,84,84,84,86,88,83,74,84,87,89,88,88,86,88,89,91,94,85,85,89,94,94,93,94,92,94,94,98,98,96,88,87,90,92,94,94,92,94,94,97,98,88,92,94,95,96,97,99,100,100,100,100,100,93,96,102,104,104,108,109,107,107,107
"제주도","15 - 64세",326,329,332,334,336,334,339,333,333,331,339,336,335,329,329,330,331,333,331,330,331,331,340,335,333,332,329,332,334,335,330,335,334,338,339,342,340,330,319,320,322,318,324,326,328,327,336,330,324,326,329,334,333,332,327,329,326,331,337,341,341,337,340,336,338,345,345,347,348,356,355,350,339,338,339,342,344,345,346,348,349,351,352,348,346,341,344,342,345,342,339,338,338,338,338,338,337,335,329,332,337,339,335,333,333
"제주도","15 - 24세",26,26,24,26,26,26,28,24,22,20,22,22,23,21,20,21,21,22,21,21,20,20,22,20,22,22,24,21,21,21,21,22,21,21,20,20,20,17,16,17,21,19,20,19,20,18,20,20,20,21,19,21,21,22,20,19,19,17,20,24,23,23,23,22,23,24,23,24,26,26,27,24,25,24,23,22,23,22,23,22,21,20,23,23,23,20,22,21,22,20,19,16,16,14,13,14,15,16,16,15,17,17,18,17,17
