"시도별","교육정도별",2017.01,2017.02,2017.03,2017.04,2017.05,2017.06,2017.07,2017.08,2017.09,2017.10,2017.11,2017.12,2018.01,2018.02,2018.03,2018.04,2018.05,2018.06,2018.07,2018.08,2018.09,2018.10,2018.11,2018.12,2019.01,2019.02,2019.03,2019.04,2019.05,2019.06,2019.07,2019.08,2019.09,2019.10,2019.11,2019.12,2020.01,2020.02,2020.03,2020.04,2020.05,2020.06,2020.07,2020.08,2020.09,2020.10,2020.11,2020.12,2021.01,2021.02,2021.03,2021.04,2021.05,2021.06,2021.07,2021.08,2021.09,2021.10,2021.11,2021.12,2022.01,2022.02,2022.03,2022.04,2022.05,2022.06,2022.07,2022.08,2022.09,2022.10,2022.11,2022.12,2023.01,2023.02,2023.03,2023.04,2023.05,2023.06,2023.07,2023.08,2023.09,2023.10,2023.11,2023.12,2024.01,2024.02,2024.03,2024.04,2024.05,2024.06,2024.07,2024.08,2024.09,2024.10,2024.11,2024.12,2025.01,2025.02,2025.03,2025.04,2025.05,2025.06,2025.07,2025.08,2025.09
"계","계",25878,25979,26443,26744,26992,27020,27078,26904,27011,27026,27019,26604,26213,26083,26555,26868,27064,27126,27083,26907,27055,27090,27184,26638,26232,26346,26805,27038,27322,27408,27383,27358,27404,27509,27515,27154,26800,26838,26609,26562,26930,27055,27106,27085,27012,27088,27241,26526,25818,26365,26923,27214,27550,27637,27648,27603,27683,27741,27795,27298,26953,27402,27754,28078,28485,28478,28475,28410,28389,28418,28421,27808,27363,27714,28223,28432,28835,28812,28686,28678,28698,28764,28698,28093,27743,28043,28396,28693,28915,28907,28857,28801,28842,28847,28821,28041,27878,28179,28589,28887,29160,29091,29029,28967,29154
"계","초졸이하",1646,1678,1930,2041,2080,2077,2054,2035,2070,2063,2031,1773,1556,1557,1843,1958,2046,2049,2022,2016,2031,2028,2011,1699,1546,1615,1852,1937,2001,2032,1985,1993,2007,2015,1996,1778,1624,1735,1829,1870,1923,1957,1965,1968,1962,1968,1935,1643,1382,1636,1800,1867,1926,1926,1915,1914,1917,1928,1869,1545,1412,1615,1727,1830,1895,1903,1881,1853,1845,1845,1816,1497,1384,1555,1703,1744,1794,1783,1725,1710,1729,1739,1715,1398,1315,1471,1601,1682,1723,1725,1695,1663,1676,1673,1665,1275,1305,1443,1540,1589,1605,1608,1580,1592,1581
"계","중졸",2092,2028,2073,2132,2197,2210,2205,2181,2211,2212,2207,2162,2109,2041,2107,2166,2151,2174,2140,2099,2115,2116,2130,2058,1978,1961,2030,2054,2140,2146,2116,2103,2102,2125,2125,2058,2025,1995,1987,1960,2026,2056,2028,2002,2031,2044,2035,1913,1783,1834,1919,1956,2024,2037,2034,2021,2014,2018,2059,1958,1867,1892,1944,2006,2045,2048,2028,2011,2004,2005,2006,1877,1771,1810,1876,1901,1915,1905,1873,1887,1896,1872,1855,1752,1679,1727,1790,1854,1878,1841,1817,1797,1842,1851,1833,1697,1649,1679,1740,1756,1792,1752,1734,1734,1718
"계","고졸",10321,10317,10312,10397,10491,10487,10612,10505,10494,10525,10546,10478,10384,10267,10242,10317,10306,10312,10325,10222,10282,10278,10331,10217,10069,10149,10189,10249,10322,10339,10375,10364,10313,10381,10440,10402,10305,10262,10035,9957,10069,10144,10180,10158,10057,10113,10194,9955,9797,9961,10079,10175,10268,10295,10335,10331,10364,10352,10388,10298,10238,10319,10415,10501,10630,10610,10631,10570,10524,10558,10604,10434,10335,10370,10444,10490,10602,10607,10619,10657,10599,10618,10595,10431,10310,10339,10384,10461,10514,10494,10461,10414,10365,10378,10335,10092,10020,10082,10226,10338,10398,10313,10335,10276,10339
"계","대졸이상",11819,11957,12127,12175,12223,12246,12207,12184,12236,12227,12234,12192,12164,12219,12362,12427,12561,12592,12597,12570,12627,12668,12712,12665,12638,12621,12734,12798,12861,12890,12907,12899,12983,12988,12954,12916,12847,12845,12759,12775,12913,12898,12933,12958,12963,12963,13077,13014,12856,12934,13125,13216,13332,13379,13364,13337,13387,13442,13479,13497,13436,13575,13668,13742,13915,13918,13935,13976,14017,14010,13994,14000,13874,13979,14201,14297,14524,14518,14469,14424,14475,14535,14533,14513,14438,14506,14620,14695,14800,14848,14885,14928,14959,14945,14989,14977,14904,14976,15083,15204,15365,15418,15380,15365,15516
"계","전문대졸",3448,3475,3502,3538,3595,3580,3579,3562,3576,3571,3538,3530,3515,3505,3559,3551,3631,3597,3570,3530,3574,3668,3665,3612,3598,3599,3643,3628,3713,3681,3674,3618,3618,3666,3669,3625,3615,3630,3609,3577,3655,3626,3628,3614,3589,3622,3637,3594,3534,3550,3606,3601,3747,3747,3764,3767,3769,3851,3822,3796,3777,3784,3816,3801,3882,3901,3865,3873,3865,3933,3918,3888,3793,3788,3835,3856,4021,4011,3979,3955,3920,4068,4052,4021,3971,3972,3997,4035,4071,4055,4037,3999,3948,3981,3977,3940,3933,3936,3908,3925,3991,4001,3980,3917,3925
"계","대학교졸이상",8371,8482,8626,8637,8628,8666,8628,8622,8660,8656,8696,8662,8649,8715,8803,8876,8931,8995,9028,9040,9053,9001,9047,9052,9040,9023,9091,9170,9148,9209,9233,9281,9365,9322,9285,9291,9232,9215,9150,9198,9257,9272,9305,9343,9374,9341,9440,9421,9323,9384,9519,9615,9585,9632,9600,9570,9619,9591,9658,9700,9659,9791,9852,9941,10033,10017,10070,10103,10152,10077,10076,10112,10081,10192,10366,10440,10504,10507,10490,10469,10555,10467,10481,10492,10467,10534,10624,10661,10730,10793,10848,10929,11012,10964,11012,11037,10971,11040,11176,11279,11374,11418,11400,11449,11590
"서울특별시","계",5087,5112,5114,5132,5177,5206,5215,5185,5168,5161,5156,5114,5105,5060,5083,5098,5097,5124,5102,5066,5050,5055,5089,5036,4977,4958,4982,5052,5107,5134,5153,5132,5151,5143,5129,5117,5089,5103,5017,4986,5033,5049,5076,5083,5020,5048,5099,5016,4893,4943,5045,5057,5088,5098,5087,5053,5089,5074,5105,5127,5026,5075,5078,5120,5145,5137,5142,5127,5130,5107,5139,5135,5057,5089,5144,5147,5220,5220,5178,5203,5181,5223,5230,5192,5195,5219,5224,5252,5249,5243,5236,5232,5245,5247,5217,5180,5101,5121,5116,5181,5253,5222,5264,5261,5254
"서울특별시","초졸이하",221,222,234,235,232,237,230,226,227,224,218,209,190,189,208,212,218,214,211,209,212,211,210,193,177,176,201,213,222,226,219,221,225,218,217,204,190,194,189,188,191,202,203,215,212,206,207,184,157,163,175,175,178,177,177,179,186,190,181,176,148,165,170,179,186,184,184,165,166,166,175,165,149,155,153,149,152,153,143,141,136,143,139,131,121,134,136,146,142,146,144,135,133,133,142,129,123,130,125,142,138,129,133,136,130
"서울특별시","중졸",335,320,310,317,327,332,338,333,341,348,343,337,340,332,323,334,322,327,323,306,296,297,300,306,302,299,296,304,303,307,323,313,314,320,320,320,314,305,303,296,294,293,276,279,272,276,278,267,244,248,265,267,290,291,291,293,302,291,297,294,264,261,262,258,254,253,243,236,244,239,252,255,244,249,240,246,231,235,226,227,228,230,240,230,217,228,230,233,232,223,211,197,212,226,228,216,221,230,230,233,240,232,233,235,222
"서울특별시","고졸",1797,1791,1757,1758,1779,1766,1787,1765,1736,1717,1725,1707,1722,1669,1659,1644,1634,1649,1649,1651,1642,1660,1693,1673,1620,1618,1608,1619,1626,1609,1615,1575,1574,1585,1579,1578,1572,1582,1526,1513,1532,1555,1586,1566,1505,1543,1578,1522,1503,1519,1556,1559,1542,1560,1575,1550,1555,1554,1584,1588,1546,1542,1548,1572,1589,1574,1596,1598,1577,1563,1578,1550,1535,1519,1520,1529,1542,1544,1553,1568,1562,1569,1562,1551,1589,1581,1565,1574,1538,1549,1544,1525,1520,1515,1495,1463,1445,1453,1461,1462,1492,1473,1511,1511,1525
"서울특별시","대졸이상",2735,2779,2814,2822,2839,2871,2861,2861,2864,2872,2871,2860,2852,2870,2893,2907,2923,2933,2919,2900,2900,2888,2886,2863,2878,2865,2878,2916,2957,2993,2997,3023,3038,3020,3013,3016,3013,3022,2999,2989,3016,2999,3011,3023,3030,3024,3036,3044,2988,3014,3050,3057,3078,3070,3044,3032,3046,3039,3043,3069,3067,3106,3097,3111,3116,3126,3120,3128,3144,3139,3135,3164,3128,3166,3231,3224,3296,3288,3257,3267,3256,3281,3289,3280,3269,3276,3294,3300,3337,3325,3337,3375,3380,3373,3352,3372,3313,3308,3300,3345,3383,3389,3386,3379,3377
"서울특별시","전문대졸",566,560,556,552,563,554,558,546,552,551,548,550,545,546,558,558,581,581,578,559,555,550,552,529,548,537,536,534,563,570,580,581,592,593,593,572,584,605,589,577,594,591,593,595,587,599,597,594,573,573,568,572,599,606,621,622,610,629,615,600,602,594,594,587,588,605,596,586,563,590,589,591,576,577,570,579,603,602,584,586,588,622,617,593,581,570,571,582,599,594,588,589,578,579,577,574,562,562,549,562,564,563,572,560,557
"서울특별시","대학교졸이상",2169,2219,2258,2270,2276,2317,2303,2315,2312,2322,2324,2310,2307,2324,2335,2349,2341,2352,2342,2341,2345,2337,2335,2334,2330,2328,2342,2382,2394,2423,2416,2442,2447,2427,2420,2444,2430,2417,2409,2412,2422,2408,2418,2428,2443,2425,2439,2450,2415,2441,2481,2485,2479,2464,2423,2410,2437,2411,2428,2469,2465,2513,2503,2524,2528,2522,2523,2542,2581,2549,2547,2573,2552,2590,2660,2645,2693,2686,2673,2682,2667,2659,2672,2687,2688,2706,2723,2718,2738,2732,2749,2786,2802,2795,2774,2798,2751,2746,2751,2783,2819,2826,2814,2820,2820
"부산광역시","계",1663,1674,1684,1688,1706,1705,1696,1687,1680,1683,1676,1674,1651,1636,1656,1653,1659,1676,1654,1638,1645,1677,1683,1656,1629,1641,1660,1661,1676,1680,1696,1687,1692,1703,1699,1684,1660,1651,1643,1601,1611,1634,1639,1645,1645,1651,1662,1635,1596,1616,1642,1658,1672,1680,1685,1691,1669,1664,1669,1644,1624,1659,1655,1664,1691,1687,1689,1703,1697,1691,1696,1689,1677,1663,1698,1695,1700,1695,1704,1700,1712,1701,1683,1669,1654,1684,1687,1688,1686,1701,1705,1700,1700,1699,1696,1654,1637,1679,1699,1709,1716,1717,1709,1693,1714
"부산광역시","초졸이하",122,122,133,129,128,124,126,123,124,119,117,108,96,92,103,103,108,111,107,106,105,101,99,92,83,89,94,93,100,100,100,96,100,96,97,93,84,92,94,91,93,96,102,102,100,98,101,94,77,88,93,90,93,93,96,97,93,93,91,80,77,89,93,95,94,96,94,94,93,91,89,82,79,91,93,93,89,85,82,79,78,76,75,64,62,73,75,79,83,85,84,81,83,80,81,57,58,67,69,71,71,74,77,78,84
"부산광역시","중졸",150,145,146,147,150,156,157,155,156,157,160,155,151,138,141,146,148,159,148,147,159,159,162,162,155,152,152,153,158,153,149,148,149,152,143,136,142,143,142,130,140,147,151,152,154,159,160,155,146,144,154,159,158,162,166,157,150,153,155,146,137,149,153,155,169,162,162,168,167,167,168,160,157,159,160,162,161,154,155,152,156,154,151,143,137,140,138,141,134,134,127,132,133,131,130,122,109,115,116,111,115,110,113,109,102
"부산광역시","고졸",618,629,616,633,649,645,654,642,640,637,631,635,622,622,611,606,593,596,597,581,583,614,614,604,602,613,622,621,627,628,639,638,632,641,649,656,643,625,624,613,610,619,619,624,624,618,621,617,607,614,608,610,622,626,626,626,618,603,610,598,597,602,600,606,611,615,616,621,622,624,623,624,620,619,641,624,617,620,633,631,626,621,601,604,595,597,586,586,580,571,570,573,574,569,563,543,538,547,560,561,572,567,570,556,567
"부산광역시","대졸이상",773,777,790,780,779,780,759,767,760,770,768,776,782,784,800,799,810,810,803,805,799,803,809,799,789,787,792,795,791,798,808,805,811,815,810,799,791,792,783,768,768,772,768,768,768,776,779,770,766,770,787,798,799,800,797,811,808,816,813,820,813,818,809,808,816,813,818,820,814,810,816,822,821,794,805,817,833,836,835,837,852,850,855,858,861,875,888,883,889,912,923,914,911,919,922,931,932,950,955,966,958,965,950,951,961
"부산광역시","전문대졸",208,211,211,214,217,220,206,206,198,211,209,214,218,223,225,220,232,232,226,225,218,219,220,217,214,209,206,207,208,201,207,205,204,204,203,203,196,194,191,182,189,194,192,193,185,201,204,200,199,197,195,195,191,193,192,192,194,196,198,196,196,205,206,208,220,228,221,227,223,220,222,225,227,215,218,218,223,221,220,221,217,231,234,236,239,240,232,228,226,233,242,234,231,226,226,229,227,235,234,232,231,227,229,229,240
"부산광역시","대학교졸이상",565,566,579,566,562,560,553,561,562,559,559,563,563,562,575,579,578,578,576,580,581,585,589,582,575,578,585,588,584,597,601,599,607,611,607,597,595,598,592,587,579,578,575,575,583,575,575,570,567,574,593,603,608,608,605,619,614,620,615,624,617,613,603,600,597,586,597,593,592,590,594,598,594,579,587,599,610,615,614,616,635,619,622,622,622,635,656,655,663,679,681,680,679,694,696,703,705,715,721,734,727,738,720,722,721
"대구광역시","계",1232,1230,1244,1249,1250,1252,1256,1232,1237,1224,1236,1227,1194,1194,1198,1225,1236,1243,1249,1234,1233,1244,1238,1226,1200,1198,1214,1220,1230,1233,1227,1228,1226,1223,1226,1206,1190,1193,1124,1131,1170,1188,1193,1202,1205,1204,1216,1198,1159,1181,1212,1217,1235,1235,1235,1227,1232,1232,1232,1211,1205,1214,1226,1226,1241,1231,1241,1238,1238,1234,1230,1213,1196,1222,1241,1236,1284,1276,1278,1258,1257,1261,1238,1214,1205,1213,1218,1227,1231,1223,1216,1213,1216,1215,1218,1190,1186,1196,1220,1223,1230,1222,1211,1213,1224
"대구광역시","초졸이하",69,69,78,84,83,86,88,84,83,80,83,76,72,76,84,83,87,87,88,88,86,92,93,89,85,83,85,86,85,83,82,83,85,81,81,78,73,77,77,77,79,84,86,87,84,84,86,84,69,75,80,81,85,86,88,82,83,84,81,62,60,64,66,68,73,74,74,71,74,75,74,65,56,70,74,71,70,71,71,68,69,70,69,57,55,63,67,69,66,64,60,57,60,60,59,49,49,54,52,50,50,51,50,50,50
"대구광역시","중졸",112,107,108,109,111,112,114,115,117,115,115,107,100,101,102,106,107,107,110,104,103,97,96,93,88,88,92,95,100,100,98,94,98,103,103,103,99,93,87,85,93,99,99,100,106,103,96,89,87,87,89,79,81,82,79,80,82,85,85,85,86,88,88,86,87,93,94,100,103,102,99,90,89,93,89,85,91,87,86,83,82,82,75,71,74,76,79,81,84,81,84,83,87,89,88,78,77,78,82,86,87,83,84,84,86
"대구광역시","고졸",454,442,440,442,451,449,449,437,442,438,443,444,430,428,428,443,451,452,452,440,438,451,444,445,426,428,426,428,429,429,422,428,420,421,415,399,394,404,376,380,389,392,391,396,389,396,397,398,381,381,394,402,406,404,406,395,393,394,392,388,389,401,406,410,428,421,430,422,413,414,415,415,422,424,436,429,442,439,437,421,423,422,415,404,402,404,406,406,408,405,403,405,400,407,410,407,399,414,425,425,420,411,400,399,407
"대구광역시","대졸이상",598,612,618,614,606,605,606,596,595,592,595,600,592,589,585,592,591,597,599,602,606,604,605,599,600,600,611,611,615,621,626,624,623,618,627,627,625,620,584,589,608,613,617,619,626,622,636,627,623,637,649,656,663,663,662,670,675,669,674,676,670,661,666,662,653,643,643,644,648,643,642,643,629,635,642,651,682,680,685,686,683,687,679,682,675,669,666,671,672,672,668,668,668,660,661,656,661,650,662,663,673,677,677,680,682
"대구광역시","전문대졸",207,214,215,213,212,214,212,209,214,212,208,213,214,206,204,206,197,200,201,199,198,199,194,195,193,191,195,198,196,197,192,190,185,176,183,184,182,184,168,173,189,187,185,184,189,193,205,201,201,207,207,214,222,219,219,223,229,225,218,218,211,212,204,202,201,202,207,218,222,221,221,224,221,221,226,229,237,232,234,229,216,213,208,206,205,207,198,193,196,201,200,198,197,193,187,188,190,189,194,200,206,211,212,206,207
"대구광역시","대학교졸이상",391,398,403,400,394,390,394,387,381,380,387,387,378,383,381,386,395,397,398,403,408,405,410,404,407,409,416,413,420,424,434,433,437,442,444,443,442,435,417,416,419,426,432,435,436,428,431,427,422,430,442,441,441,444,443,447,446,444,457,458,459,449,462,460,452,441,436,426,426,422,420,420,408,413,416,422,445,448,451,457,467,474,471,476,470,463,469,478,477,471,468,470,472,467,474,468,470,462,467,463,467,466,466,473,474
"인천광역시","계",1490,1503,1519,1523,1548,1549,1546,1522,1540,1560,1549,1539,1538,1546,1569,1562,1587,1595,1591,1570,1578,1581,1590,1587,1547,1556,1571,1583,1595,1599,1582,1582,1593,1584,1593,1586,1552,1566,1541,1546,1571,1566,1571,1576,1562,1561,1574,1533,1505,1539,1550,1562,1585,1578,1566,1578,1581,1579,1591,1542,1528,1576,1581,1590,1620,1632,1639,1634,1643,1645,1655,1622,1597,1619,1622,1647,1669,1674,1681,1687,1684,1672,1661,1647,1639,1658,1664,1682,1694,1691,1712,1727,1733,1731,1726,1698,1681,1696,1708,1712,1728,1734,1719,1720,1753
"인천광역시","초졸이하",72,72,81,82,79,81,78,79,79,80,80,74,65,67,76,78,74,74,73,71,71,72,71,61,52,56,67,69,74,77,73,68,75,71,71,69,58,60,63,64,69,68,71,69,73,74,73,58,45,63,65,66,71,72,74,72,74,71,74,48,54,66,65,65,70,76,76,74,75,77,82,64,64,78,74,74,74,71,73,72,74,74,75,61,66,73,73,75,76,74,71,71,72,72,75,63,60,66,66,70,69,66,65,66,67
"인천광역시","중졸",118,117,114,112,122,124,117,118,118,119,121,126,123,117,114,117,118,122,120,116,117,116,118,116,107,104,112,107,116,117,119,115,117,118,119,123,127,128,124,128,125,124,125,123,123,119,116,108,109,116,114,115,121,120,119,121,116,113,116,102,95,96,97,106,107,108,107,108,111,111,110,98,94,93,96,94,99,99,99,96,99,98,91,91,91,91,96,102,102,100,102,101,103,101,98,89,80,83,83,79,80,77,79,77,83
"인천광역시","고졸",708,703,708,711,728,726,737,710,718,732,719,716,722,713,724,721,739,755,748,739,744,730,725,732,713,714,700,710,706,712,706,710,714,715,720,718,697,705,685,687,704,714,721,728,713,718,729,707,694,709,713,730,738,735,731,744,754,751,750,744,739,759,758,758,764,769,767,763,763,767,772,768,763,756,750,759,767,769,785,794,779,760,749,746,739,735,733,730,721,711,718,724,715,719,711,705,694,682,702,702,694,703,705,698,711
"인천광역시","대졸이상",592,611,616,619,619,618,615,615,625,630,629,623,628,648,655,646,657,644,650,643,647,663,677,679,675,682,692,697,698,693,685,690,686,681,684,676,669,672,669,667,673,659,655,656,652,649,656,661,657,651,657,651,656,651,642,641,637,644,652,648,639,656,661,661,678,679,688,689,693,691,691,692,675,691,702,721,730,735,724,725,732,740,746,750,743,759,762,775,795,805,820,832,843,839,842,841,847,865,858,862,884,889,871,879,892
"인천광역시","전문대졸",215,226,221,222,224,224,227,224,228,226,225,217,221,229,238,231,239,229,229,230,235,246,250,252,248,246,247,249,259,258,257,258,255,257,254,254,253,252,258,257,266,256,247,246,242,242,242,241,237,236,240,237,243,234,229,225,223,232,229,229,228,241,246,242,246,247,249,249,250,248,246,235,230,235,232,239,250,249,240,237,218,228,229,234,225,226,227,232,243,248,252,255,260,256,253,248,248,254,249,258,273,275,266,263,264
"인천광역시","대학교졸이상",378,385,395,397,395,394,387,391,397,404,404,407,407,420,417,415,418,415,421,414,412,417,428,426,427,436,444,448,439,435,428,433,431,424,430,423,416,421,411,409,407,403,408,409,410,407,414,420,420,415,418,414,413,416,413,416,414,413,423,418,411,415,414,419,432,433,440,440,443,443,445,457,445,456,469,482,480,486,484,488,514,512,517,516,518,533,536,543,553,558,568,576,583,583,589,594,598,611,608,604,611,613,605,617,628
"광주광역시","계",733,730,738,741,746,752,753,749,740,748,747,751,737,742,746,755,753,746,748,748,757,753,756,747,733,736,748,745,748,753,747,753,753,762,762,754,750,750,739,737,747,755,749,747,751,749,744,751,724,739,744,751,754,750,754,751,749,750,743,728,730,740,750,744,752,750,754,754,755,762,764,745,753,759,766,770,766,774,775,770,775,776,780,763,776,778,791,787,783,787,784,767,768,764,766,742,759,764,772,772,782,781,783,787,787
"광주광역시","초졸이하",44,45,52,54,53,52,53,54,53,53,52,49,41,38,49,50,49,47,49,50,49,49,48,39,34,35,49,48,48,50,47,48,49,47,46,40,33,38,36,37,40,40,39,36,39,40,40,38,27,36,40,42,42,40,39,39,39,38,36,27,29,37,37,40,40,38,40,40,40,42,40,29,35,39,40,41,43,43,43,44,42,43,44,32,40,43,45,44,44,44,42,41,40,40,39,22,34,40,40,39,40,41,40,43,44
"광주광역시","중졸",53,53,52,51,56,57,54,51,48,50,52,54,50,50,49,48,48,45,44,42,44,44,44,43,40,41,41,41,46,45,46,47,46,46,46,44,46,49,48,46,45,45,45,46,47,47,47,48,44,46,48,50,49,50,46,47,47,47,47,44,45,45,47,48,52,50,48,48,47,47,48,45,46,47,49,48,48,51,51,48,54,51,51,51,49,49,48,51,51,51,52,50,49,49,49,46,50,48,46,47,45,45,47,46,45
"광주광역시","고졸",263,262,262,258,256,258,264,266,264,268,271,272,281,284,278,279,274,269,264,261,262,257,259,261,261,255,251,245,248,251,252,259,256,263,265,263,265,266,263,260,266,268,265,268,272,269,273,279,270,269,266,270,271,278,280,284,284,292,285,279,281,279,288,291,291,291,296,286,291,289,289,285,285,286,286,285,281,284,285,282,282,285,286,280,288,282,284,284,276,277,274,263,263,254,258,261,260,262,269,262,263,266,262,267,265
"광주광역시","대졸이상",374,371,372,378,382,385,383,378,375,377,371,376,364,370,371,377,382,385,391,394,402,404,406,404,398,404,407,411,407,407,403,399,402,406,406,408,406,397,391,394,397,402,400,397,393,393,384,387,384,388,390,390,392,382,389,381,378,375,375,379,375,379,378,366,369,372,370,380,377,383,388,386,387,387,391,396,394,395,395,397,398,396,400,400,399,403,414,408,412,414,417,414,416,421,419,413,415,415,418,424,433,430,435,431,433
"광주광역시","전문대졸",111,106,106,116,119,117,111,108,105,108,103,105,101,104,105,107,102,102,101,100,99,102,99,97,99,100,102,103,101,105,105,106,105,105,104,101,100,98,98,101,106,105,106,104,105,108,108,110,110,112,113,110,112,107,112,113,113,116,120,120,120,121,122,115,116,115,115,118,118,127,126,125,126,127,129,129,129,126,125,128,129,131,131,132,129,127,127,123,123,120,125,122,122,123,122,116,114,111,114,116,117,115,114,112,112
"광주광역시","대학교졸이상",263,265,266,262,263,268,272,269,270,269,268,271,263,267,265,271,280,283,290,295,303,302,306,307,299,304,305,308,305,302,298,293,298,301,302,307,306,299,293,293,291,297,294,294,288,285,277,277,274,276,277,279,280,275,277,268,265,259,255,259,256,259,257,251,253,257,255,262,259,257,262,261,261,261,262,267,266,269,270,269,269,265,269,269,270,276,287,286,290,294,292,292,294,298,298,298,302,304,305,308,317,315,320,319,322
"대전광역시","계",755,756,769,766,769,764,768,759,761,763,772,765,753,758,767,760,763,756,760,749,762,762,760,753,746,756,760,755,766,771,781,787,787,788,790,777,776,784,767,768,774,779,780,787,785,790,796,779,753,758,765,775,787,799,794,801,797,795,803,789,780,786,785,787,793,787,793,801,798,807,804,802,789,799,795,795,801,804,788,798,807,803,804,783,778,785,794,792,799,802,793,784,786,784,796,776,785,801,804,811,818,817,821,817,823
"대전광역시","초졸이하",36,38,47,46,44,44,42,43,42,44,44,37,32,34,42,41,42,40,42,41,44,46,45,36,33,37,42,43,43,45,44,44,42,44,44,42,40,44,41,43,44,43,41,41,41,42,41,38,28,34,36,36,35,36,35,36,34,33,34,30,26,31,33,33,34,34,34,34,33,32,31,29,27,29,31,30,31,32,28,32,34,32,32,27,30,32,34,33,35,35,36,36,38,40,42,34,39,40,40,40,41,42,42,41,41
"대전광역시","중졸",51,49,49,50,51,49,47,46,46,44,48,47,47,47,49,49,48,45,43,42,45,45,45,44,46,47,49,46,50,50,49,52,52,51,54,53,53,49,45,45,47,49,48,49,50,50,51,46,44,47,48,46,48,51,50,51,48,46,48,45,42,42,42,44,46,48,46,49,47,45,43,43,41,43,43,43,44,44,42,41,42,42,40,37,35,34,39,39,41,44,42,41,40,41,43,41,43,42,41,43,42,39,39,37,37
"대전광역시","고졸",269,267,269,267,269,269,270,261,262,268,272,279,280,281,275,270,272,275,270,270,276,270,270,276,268,285,284,283,287,290,297,298,294,295,299,298,298,302,295,291,296,296,302,305,299,302,302,298,287,282,284,292,287,287,287,280,274,270,270,260,260,258,254,245,255,247,261,262,256,262,266,258,255,256,249,245,239,240,231,230,239,243,248,243,241,248,250,249,256,258,257,248,250,245,250,248,249,257,256,266,273,270,264,267,265
"대전광역시","대졸이상",399,403,405,403,405,402,409,409,411,407,408,402,395,397,402,401,401,396,405,396,397,402,399,397,399,387,385,383,387,386,392,393,400,398,394,384,385,389,386,390,387,390,389,393,395,397,403,398,393,396,397,400,417,426,423,433,441,446,452,454,452,455,456,464,459,458,453,457,462,468,465,472,466,471,472,477,487,488,487,496,492,487,484,475,473,471,472,471,468,466,458,459,458,458,462,453,454,461,467,463,462,465,476,471,480
"대전광역시","전문대졸",88,86,84,89,88,86,89,87,85,86,82,82,85,85,85,83,84,85,84,82,82,89,88,84,86,83,83,82,86,89,88,88,88,91,92,87,86,92,90,94,93,93,95,97,99,98,103,92,90,90,89,90,95,98,98,103,105,111,112,114,112,110,106,106,106,106,106,103,101,103,101,98,95,95,98,100,106,105,106,107,109,108,107,104,103,107,110,109,110,111,111,111,107,105,104,101,103,103,105,103,102,100,101,96,97
"대전광역시","대학교졸이상",311,316,321,314,317,316,319,322,326,322,326,320,311,313,317,317,317,311,320,314,315,313,312,313,313,304,302,301,300,297,303,305,312,307,302,297,299,297,296,296,294,297,295,296,296,299,300,306,303,306,308,310,322,328,325,330,336,335,340,340,340,344,350,359,353,352,347,354,361,365,364,375,371,376,374,377,381,383,381,389,384,379,377,371,370,364,362,362,358,354,347,348,351,353,357,352,351,358,362,360,361,366,375,375,383
"울산광역시","계",570,575,583,583,589,590,587,581,581,585,587,592,582,580,576,571,581,578,568,573,568,576,570,567,554,560,562,569,575,577,577,572,579,576,580,576,568,569,556,552,557,557,562,561,565,560,562,555,540,550,555,553,554,550,554,558,563,564,564,551,548,547,557,561,573,572,572,573,572,573,576,564,559,562,570,572,574,577,575,570,574,575,580,570,560,560,561,571,585,577,574,574,579,580,579,567,564,574,570,581,581,586,585,575,578
"울산광역시","초졸이하",29,30,32,33,33,34,34,33,32,33,34,35,32,29,32,34,34,36,35,35,32,33,33,29,25,28,28,28,30,31,30,29,31,32,32,32,28,28,26,26,28,27,28,29,27,26,27,23,20,23,24,23,23,23,22,24,26,27,26,18,20,24,24,25,26,26,25,25,24,23,22,17,18,21,24,26,25,27,25,24,24,25,26,20,22,23,23,24,24,24,24,23,23,23,22,17,20,22,21,22,22,23,22,20,21
"울산광역시","중졸",46,42,44,45,47,50,49,49,50,49,52,52,47,47,46,48,48,48,46,45,43,45,47,48,44,45,44,44,48,49,47,47,49,47,51,46,45,44,40,42,40,40,39,38,37,39,39,40,37,39,41,42,41,40,38,39,40,38,40,36,35,34,35,35,35,35,33,34,34,33,33,33,29,29,32,32,28,29,29,29,32,30,31,29,28,27,26,26,28,28,29,29,29,29,29,26,24,28,28,29,27,28,29,29,29
"울산광역시","고졸",262,264,265,261,263,265,264,258,253,254,252,253,259,258,253,251,254,256,252,260,257,259,255,250,242,243,242,243,247,249,253,252,250,248,242,242,241,241,235,231,234,235,239,244,244,239,233,227,225,229,227,225,228,225,228,225,223,224,222,221,220,222,227,227,238,238,241,239,236,242,246,239,240,237,240,241,245,251,255,252,255,254,258,252,241,244,248,252,254,256,254,255,257,262,259,254,250,250,246,252,243,241,239,236,237
"울산광역시","대졸이상",232,239,243,245,245,240,240,242,246,248,250,251,244,246,244,238,245,238,236,234,237,239,236,240,242,243,247,254,250,248,248,243,249,249,255,256,254,256,255,253,255,255,256,252,257,256,262,265,258,260,263,263,262,263,267,270,274,276,276,277,272,268,272,275,274,273,274,274,279,275,274,276,272,275,274,273,276,271,266,264,263,266,266,268,268,266,264,269,279,269,268,266,270,266,268,271,271,274,274,278,289,295,295,289,291
"울산광역시","전문대졸",81,86,88,88,86,84,85,83,87,90,91,91,89,92,93,89,94,93,92,90,90,97,95,94,92,93,94,96,94,93,92,86,91,90,88,90,91,92,92,90,91,93,92,93,98,97,95,94,93,93,94,94,93,95,96,97,100,106,105,102,100,98,97,96,96,95,97,94,95,101,102,101,95,95,96,94,100,96,93,91,91,98,99,103,102,99,96,96,100,94,92,90,87,96,97,97,96,96,96,94,99,102,103,98,95
"울산광역시","대학교졸이상",151,153,155,156,159,156,155,159,159,159,159,160,155,154,151,149,150,145,144,145,147,143,141,146,150,150,154,157,157,155,156,157,157,159,167,167,163,164,163,163,164,162,164,159,158,159,167,171,166,168,169,170,169,168,172,174,174,170,170,175,172,170,175,179,178,178,177,181,184,174,172,175,177,180,179,179,176,175,173,174,171,168,166,165,167,167,168,173,179,175,176,176,183,170,172,173,174,177,178,184,190,192,192,192,195
"세종특별자치시","계",117,121,124,127,130,132,133,132,133,134,135,134,134,136,139,144,148,150,152,153,154,156,158,158,157,158,163,165,167,169,172,172,170,173,175,172,172,171,173,177,178,183,184,185,186,184,183,179,177,180,184,187,188,189,188,188,190,188,185,180,180,186,194,196,201,201,201,202,202,202,204,201,200,201,207,210,212,213,211,212,210,211,207,203,203,202,209,210,212,212,213,211,214,214,215,211,207,206,210,214,214,213,211,213,212
"세종특별자치시","초졸이하",6,6,8,9,9,9,9,9,9,9,9,8,7,6,7,8,8,8,8,8,8,8,8,7,6,6,7,8,8,8,8,8,9,9,9,6,6,6,8,8,9,9,10,9,9,9,8,6,4,5,9,9,10,9,9,9,9,9,8,7,5,7,8,9,9,10,9,9,9,9,9,7,6,8,9,9,9,10,10,9,8,8,8,6,5,6,8,8,8,7,7,7,7,7,7,6,5,5,6,7,7,7,7,7,7
"세종특별자치시","중졸",8,8,9,9,9,10,9,9,9,9,9,9,9,9,9,9,9,9,9,8,9,8,9,9,7,7,8,9,9,9,9,8,9,9,9,9,8,8,8,7,8,7,7,7,7,8,7,6,6,6,6,7,7,7,7,7,8,8,8,6,7,7,7,8,8,8,7,7,7,6,6,6,6,6,7,8,8,7,7,8,7,6,6,4,5,5,5,6,6,6,7,6,6,6,6,5,5,5,6,6,6,6,6,6,6
"세종특별자치시","고졸",32,34,32,33,33,34,35,34,34,34,35,33,35,36,35,36,39,38,40,40,38,36,36,35,37,37,38,37,38,39,43,40,37,40,40,41,41,40,37,39,39,40,38,39,39,37,36,36,33,36,36,37,37,36,38,36,38,37,36,34,36,38,39,41,42,43,44,44,44,45,46,43,44,44,45,45,46,47,47,47,47,47,47,46,47,46,50,49,48,49,49,49,51,50,50,48,46,45,46,49,48,49,49,49,48
"세종특별자치시","대졸이상",71,74,76,77,79,78,79,80,81,82,83,84,84,86,88,91,92,95,95,97,100,103,106,108,107,108,110,111,112,112,113,115,115,116,117,116,117,118,121,123,123,127,129,130,131,131,131,131,134,133,133,134,135,136,135,137,136,135,133,133,132,134,139,138,142,141,141,142,142,142,143,145,144,144,146,147,149,149,148,148,148,149,147,147,147,146,146,148,150,150,150,149,150,152,152,153,151,151,153,152,153,152,150,150,151
"세종특별자치시","전문대졸",11,11,11,10,12,11,12,12,12,13,13,13,12,13,14,14,14,14,14,14,15,17,17,18,19,19,19,19,18,18,19,20,20,21,22,23,21,21,20,20,21,21,22,22,22,21,21,21,22,22,22,20,21,22,21,22,22,20,19,18,19,20,19,18,19,19,20,21,20,21,22,23,21,22,21,22,24,24,23,23,23,23,22,21,20,19,19,20,19,19,19,17,17,18,18,18,18,19,18,18,20,20,20,20,21
"세종특별자치시","대학교졸이상",60,63,64,66,67,67,67,67,69,69,70,71,71,73,74,77,78,81,81,83,85,86,89,90,88,89,91,93,94,94,93,95,95,95,95,93,96,97,100,103,102,106,108,109,109,109,110,110,112,112,111,114,114,114,114,115,114,114,114,115,113,115,121,120,123,123,121,121,122,120,121,122,123,122,124,125,125,126,125,125,124,126,126,127,126,126,127,128,131,131,132,132,133,134,134,135,133,132,134,134,133,132,130,130,130
"경기도","계",6462,6474,6599,6660,6700,6695,6773,6738,6780,6780,6815,6739,6672,6607,6730,6796,6846,6832,6838,6805,6867,6839,6884,6764,6710,6734,6871,6924,7004,7051,7009,6998,6991,7041,7058,7030,6956,6909,6874,6852,6944,6937,6923,6887,6900,6920,6967,6833,6711,6861,6979,7062,7179,7220,7261,7238,7266,7314,7375,7329,7287,7408,7483,7601,7737,7755,7733,7682,7665,7658,7630,7529,7403,7455,7570,7610,7752,7722,7731,7726,7724,7748,7752,7645,7483,7549,7643,7713,7825,7825,7828,7813,7828,7812,7802,7667,7600,7659,7794,7849,7909,7884,7842,7783,7834
"경기도","초졸이하",248,259,290,300,317,313,312,300,313,303,301,246,216,216,279,277,298,307,307,310,317,317,318,271,256,257,295,296,309,322,311,312,307,324,325,297,259,263,280,286,280,286,290,292,288,288,275,234,202,236,248,260,273,271,272,272,269,275,278,233,198,224,235,258,265,274,265,261,251,251,238,200,178,185,234,245,266,264,251,250,256,263,266,217,183,198,244,261,284,282,273,265,275,276,271,221,192,210,245,245,249,258,239,245,240
"경기도","중졸",430,416,430,440,450,452,450,445,452,443,445,446,443,417,446,455,438,420,424,415,422,426,434,412,398,396,412,425,453,464,425,440,436,447,448,432,412,407,410,391,426,434,423,408,427,436,431,412,378,393,398,422,447,448,446,433,445,449,471,455,445,438,452,476,479,476,481,458,437,437,432,404,360,361,376,374,379,368,381,393,383,369,372,361,341,355,372,390,399,378,380,376,386,383,374,361,328,330,354,362,364,359,355,364,358
"경기도","고졸",2702,2697,2729,2776,2800,2783,2865,2875,2892,2921,2936,2930,2870,2820,2814,2842,2839,2797,2804,2779,2811,2772,2804,2760,2750,2772,2799,2832,2869,2875,2857,2833,2807,2819,2859,2869,2887,2854,2799,2763,2770,2763,2737,2713,2736,2744,2749,2695,2673,2746,2774,2788,2850,2866,2885,2902,2899,2885,2909,2937,2965,3006,3018,3054,3076,3081,3032,2997,3018,3022,3025,2998,2964,2978,2961,2964,3039,3026,3037,3065,3051,3058,3073,3013,2927,2949,2968,3007,3082,3067,3041,3036,3027,3015,2990,2909,2912,2931,2963,2998,3009,2982,2970,2912,2926
"경기도","대졸이상",3082,3103,3150,3144,3133,3148,3146,3117,3124,3113,3132,3117,3144,3154,3192,3223,3272,3308,3302,3301,3318,3324,3328,3322,3306,3308,3365,3371,3372,3390,3416,3414,3442,3450,3426,3432,3399,3385,3386,3413,3468,3455,3473,3475,3450,3452,3511,3492,3458,3486,3559,3592,3609,3636,3658,3631,3652,3706,3717,3705,3679,3740,3779,3813,3916,3925,3956,3966,3960,3948,3937,3927,3902,3931,3999,4027,4068,4064,4063,4018,4035,4059,4041,4054,4033,4047,4060,4055,4061,4097,4134,4136,4141,4137,4166,4175,4167,4187,4232,4244,4287,4286,4279,4262,4311
"경기도","전문대졸",886,893,924,920,933,936,936,943,950,941,936,944,943,914,918,915,941,924,918,912,938,975,976,959,932,941,970,947,977,959,966,938,940,971,976,969,964,946,956,952,960,947,956,945,922,905,916,897,896,906,942,942,1012,1030,1040,1028,1038,1075,1073,1076,1071,1085,1112,1107,1142,1149,1135,1130,1137,1137,1135,1125,1082,1072,1096,1085,1143,1144,1138,1127,1126,1169,1160,1160,1135,1134,1143,1150,1156,1145,1139,1116,1092,1106,1116,1096,1100,1096,1071,1060,1087,1081,1069,1054,1032
"경기도","대학교졸이상",2196,2209,2226,2224,2201,2212,2210,2174,2173,2172,2196,2173,2201,2240,2274,2308,2331,2384,2385,2389,2379,2349,2352,2362,2374,2367,2395,2424,2395,2430,2451,2476,2503,2480,2451,2463,2435,2439,2429,2461,2508,2508,2516,2530,2528,2548,2595,2594,2563,2581,2617,2651,2597,2606,2618,2602,2614,2631,2644,2629,2608,2654,2667,2707,2775,2776,2821,2836,2823,2812,2802,2802,2820,2858,2903,2942,2925,2920,2925,2892,2909,2889,2881,2894,2897,2913,2917,2905,2905,2952,2996,3019,3049,3030,3050,3079,3068,3091,3161,3185,3201,3204,3210,3209,3279
"강원도","계",697,712,763,805,824,827,833,829,816,819,810,743,700,705,779,804,815,819,815,820,823,820,819,745,721,731,800,831,840,832,848,851,847,841,834,760,735,759,798,801,818,821,816,820,812,817,813,728,693,737,803,818,836,843,844,841,837,841,843,776,724,773,796,826,843,845,849,847,849,847,841,773,741,786,833,861,878,875,867,871,868,867,857,784,755,780,816,863,878,875,883,878,874,879,877,768,769,800,828,877,889,887,882,877,887
"강원도","초졸이하",68,75,106,125,131,130,138,133,130,129,122,88,63,71,106,121,121,120,118,117,119,115,117,79,62,78,114,124,125,123,123,125,126,131,126,84,75,99,117,117,119,119,116,117,118,119,117,71,55,83,113,118,124,126,125,122,124,125,118,81,58,95,104,116,118,122,120,118,119,118,116,74,59,86,102,110,111,108,111,109,112,111,110,69,59,80,92,103,107,103,101,98,97,100,102,46,57,84,95,109,112,113,113,111,110
"강원도","중졸",78,74,82,91,95,95,97,93,92,95,90,83,72,74,83,91,89,89,90,92,90,90,90,79,71,68,79,83,88,86,90,89,87,81,81,67,64,68,78,80,82,85,84,80,81,80,81,64,59,65,75,74,77,77,76,76,75,77,78,65,57,65,69,74,72,73,73,72,72,76,75,66,61,67,77,82,84,87,82,87,84,81,81,66,57,61,69,77,79,81,79,82,83,87,84,65,63,67,73,80,81,81,79,80,81
"강원도","고졸",281,286,291,303,307,308,306,309,304,307,311,290,278,271,283,293,291,297,294,297,294,296,294,276,278,281,299,311,311,309,321,324,318,314,311,298,294,288,291,285,288,290,290,300,292,298,297,284,278,290,304,312,326,325,332,324,321,325,324,308,297,300,303,309,315,313,317,315,313,309,310,299,298,309,318,330,337,337,333,332,329,331,322,304,296,297,304,323,322,320,325,323,318,320,320,302,298,292,299,327,338,333,330,329,334
"강원도","대졸이상",270,276,284,286,290,293,292,293,290,289,288,282,287,289,307,300,314,313,313,315,320,319,319,311,311,306,309,314,316,314,314,314,316,315,316,310,302,305,312,320,330,327,325,324,322,319,318,309,302,299,311,314,309,316,311,320,317,313,322,322,312,314,321,328,338,337,339,342,344,345,340,335,323,325,336,339,346,343,341,343,343,344,344,345,342,343,351,359,370,371,378,374,376,372,371,355,350,357,361,361,359,360,361,357,362
"강원도","전문대졸",96,99,100,102,106,104,104,105,103,104,106,100,102,106,114,110,113,113,113,112,115,118,112,108,108,108,112,112,113,107,104,100,99,98,101,98,95,96,100,100,102,100,97,95,92,96,93,92,90,87,93,93,86,85,83,86,81,83,87,84,79,83,84,86,91,88,88,87,91,92,90,89,85,87,91,92,98,97,94,95,94,96,98,98,95,92,96,99,101,99,101,103,105,105,101,99,97,99,100,100,102,105,103,101,102
"강원도","대학교졸이상",173,177,184,184,184,189,189,188,187,185,182,183,185,183,193,190,201,199,201,203,205,201,206,203,203,198,198,202,203,206,211,213,217,217,215,213,207,208,212,220,229,227,228,229,230,224,225,217,212,212,219,221,224,231,228,234,236,230,235,237,233,231,237,241,248,249,251,255,253,253,250,246,238,238,245,248,249,246,246,247,249,248,246,247,247,250,256,261,268,272,276,271,270,267,270,256,253,258,261,262,257,255,258,255,260
"충청북도","계",798,798,840,868,882,880,875,877,899,891,877,842,822,820,858,889,890,910,901,895,890,892,896,854,836,846,869,883,900,890,893,896,895,901,889,865,858,868,884,887,908,911,909,897,898,890,900,870,831,861,885,897,911,912,906,914,911,921,917,903,879,892,918,928,942,948,939,941,935,942,941,906,875,905,945,949,955,954,948,951,953,954,946,929,907,918,941,968,970,975,965,963,956,956,959,927,923,935,973,984,993,986,984,991,996
"충청북도","초졸이하",64,62,78,88,92,93,91,91,92,90,86,70,60,60,74,90,96,100,100,99,99,100,98,75,62,69,80,88,94,100,99,99,96,96,91,74,72,77,87,89,95,98,98,96,94,95,89,76,60,73,87,90,93,89,86,84,86,86,84,81,72,78,85,91,96,99,95,96,100,98,96,87,72,85,96,99,97,100,98,97,99,100,96,82,73,79,87,97,94,95,94,97,96,96,95,74,72,83,95,97,97,93,92,93,92
"충청북도","중졸",81,79,80,86,88,88,86,84,88,88,85,79,76,77,85,88,90,96,94,92,94,91,87,81,77,80,81,83,84,87,86,85,80,79,79,75,76,78,80,82,83,84,84,82,81,80,81,73,66,70,77,75,82,81,81,84,85,90,93,89,81,83,91,91,96,94,88,89,87,88,87,80,73,75,83,83,79,83,79,76,78,80,76,71,65,69,68,71,70,71,69,71,71,72,68,64,63,62,64,66,69,69,66,67,71
"충청북도","고졸",327,331,349,353,359,356,358,362,362,358,357,354,352,349,358,369,357,369,366,360,350,347,355,350,342,346,344,350,354,343,350,351,354,366,366,366,358,350,352,352,368,370,369,366,371,362,375,364,358,365,371,375,381,379,375,388,386,387,381,375,372,364,370,372,377,377,379,382,376,384,382,369,361,365,379,374,375,370,370,380,376,375,377,383,371,369,380,385,389,396,394,394,391,392,384,373,369,372,382,384,389,387,391,389,388
"충청북도","대졸이상",326,326,333,340,343,343,340,340,357,354,350,338,333,333,340,342,348,345,342,344,346,354,356,347,356,351,364,363,368,360,359,362,365,360,354,350,353,363,366,365,362,360,358,353,352,352,356,356,347,353,351,357,355,364,364,358,354,358,358,359,354,367,372,375,374,379,377,374,372,372,376,370,369,380,388,394,403,401,401,399,400,400,397,394,398,402,407,415,416,413,408,401,398,397,412,416,419,419,432,437,439,437,434,442,445
"충청북도","전문대졸",119,117,120,123,128,129,126,123,128,125,122,119,116,113,114,114,118,118,117,114,117,116,119,111,115,114,121,120,123,118,114,116,116,113,107,105,105,109,111,110,114,112,111,110,112,110,111,114,110,112,112,116,113,110,106,109,108,113,106,107,103,105,105,104,107,111,109,109,111,113,119,121,122,123,132,136,140,141,143,139,138,144,144,145,146,149,153,158,156,152,151,148,149,146,152,157,155,153,156,155,157,157,158,158,160
"충청북도","대학교졸이상",207,210,213,217,216,214,214,218,229,229,228,220,218,220,226,228,230,227,225,230,229,238,237,236,241,236,243,243,245,242,245,246,249,247,247,245,247,254,255,256,248,248,248,243,240,242,245,243,238,241,239,241,242,253,257,250,246,246,252,252,251,262,268,271,267,267,267,265,261,259,257,249,246,257,256,258,262,260,259,260,261,256,252,249,252,252,254,257,260,260,257,252,249,250,260,259,264,266,276,282,282,280,277,284,285
"충청남도","계",1051,1041,1098,1149,1162,1175,1169,1169,1183,1178,1177,1133,1098,1087,1130,1182,1201,1198,1222,1218,1226,1219,1220,1147,1136,1141,1192,1209,1222,1216,1212,1204,1209,1229,1211,1169,1114,1120,1147,1173,1190,1205,1209,1206,1205,1220,1192,1132,1071,1110,1165,1203,1224,1224,1230,1228,1234,1239,1219,1169,1123,1130,1197,1221,1249,1251,1264,1268,1271,1283,1267,1185,1151,1162,1223,1255,1281,1299,1274,1279,1282,1280,1285,1204,1151,1173,1234,1280,1289,1300,1284,1295,1300,1308,1305,1251,1213,1227,1280,1311,1333,1325,1320,1307,1326
"충청남도","초졸이하",91,88,121,145,147,149,148,149,159,158,154,127,104,97,121,146,157,153,153,157,156,155,149,102,92,96,124,141,146,144,144,146,149,147,142,121,94,108,123,128,141,145,146,146,151,151,148,115,84,108,138,155,161,159,157,160,161,165,150,122,102,104,137,151,163,164,160,163,164,166,161,112,100,105,137,152,161,165,156,155,156,153,150,111,77,86,119,133,137,142,136,135,133,129,120,94,76,87,107,115,118,121,115,113,110
"충청남도","중졸",101,92,105,110,117,120,116,119,126,118,117,114,105,95,107,117,123,131,129,131,132,135,134,117,114,113,123,124,125,123,125,122,121,124,119,110,106,100,107,122,119,123,123,120,130,125,118,102,89,97,103,115,110,112,108,105,103,106,105,100,89,95,98,105,112,111,114,117,120,122,113,102,93,96,109,110,115,114,106,106,106,104,107,88,81,88,101,108,108,111,109,107,113,111,108,97,87,90,102,107,116,112,107,106,105
"충청남도","고졸",465,466,479,492,482,503,504,497,490,498,499,489,487,487,488,487,489,483,506,497,500,492,499,486,492,501,508,507,499,503,507,503,506,516,506,500,485,485,484,486,500,506,501,500,487,500,488,473,456,467,490,495,497,494,495,487,491,491,485,465,462,461,487,496,505,511,529,524,521,529,526,509,490,495,504,508,513,522,515,518,514,526,526,511,495,494,506,517,513,515,511,518,519,528,529,510,512,516,537,542,534,523,534,535,540
"충청남도","대졸이상",393,395,393,403,416,404,401,405,408,405,406,404,402,408,414,431,433,431,434,434,439,436,438,442,438,431,438,437,452,447,437,434,433,441,443,438,430,427,434,438,431,432,440,441,438,444,439,442,442,437,434,438,456,459,470,476,480,477,480,483,471,470,475,470,470,465,461,464,466,466,467,462,468,466,474,485,492,498,498,501,507,497,502,494,498,504,508,522,531,532,528,534,536,541,549,549,538,534,534,547,565,569,564,553,571
"충청남도","전문대졸",136,138,140,144,154,148,152,154,156,147,146,142,140,139,139,144,152,147,148,144,148,150,150,151,150,148,150,151,155,154,148,149,149,151,152,150,148,145,143,143,143,145,147,145,143,146,149,150,155,156,156,153,159,152,161,160,159,162,160,162,158,150,158,158,164,162,156,161,161,163,160,158,150,151,152,155,164,168,168,169,168,166,168,168,172,174,178,181,185,181,185,180,175,179,180,179,179,176,182,185,192,195,193,191,197
"충청남도","대학교졸이상",257,257,254,259,262,256,249,251,252,258,261,262,263,269,276,287,281,283,286,289,291,286,288,291,288,284,289,286,297,293,289,285,285,290,291,288,282,282,290,295,288,287,294,295,295,298,290,292,288,282,278,285,297,307,309,316,321,315,320,321,313,319,317,312,306,303,305,303,304,303,307,304,319,316,322,330,328,330,329,332,338,331,335,326,326,330,330,341,346,351,342,354,361,361,369,371,359,358,352,362,373,374,371,362,374
"전라북도","계",890,878,914,936,944,935,933,923,938,935,934,890,870,881,901,921,930,929,927,916,930,933,929,907,894,902,911,933,943,944,941,927,933,933,942,927,907,904,907,913,931,944,946,943,951,956,966,917,893,928,947,948,961,977,971,969,970,972,970,924,923,933,947,976,991,990,1005,984,985,985,981,918,929,963,969,980,997,993,1000,1003,1003,999,1003,955,950,970,992,998,1010,1005,1009,1002,997,1002,991,924,938,958,971,977,990,994,1000,1001,1008
"전라북도","초졸이하",100,103,120,135,136,134,134,134,139,142,139,107,94,99,114,135,145,145,141,139,140,141,136,117,107,117,121,132,135,139,136,136,136,137,136,122,117,121,130,139,146,146,144,141,141,141,138,111,99,125,132,133,136,136,135,137,136,135,131,104,107,120,127,138,143,139,140,134,134,133,130,99,102,118,123,126,132,130,131,126,126,125,122,95,100,111,116,120,122,122,124,120,118,118,116,77,88,97,103,102,107,109,111,111,111
"전라북도","중졸",88,85,94,98,97,95,97,96,93,90,85,84,88,82,82,85,86,84,84,83,82,81,82,81,79,79,86,85,88,90,90,86,88,87,90,88,83,84,84,82,89,91,93,90,90,91,91,87,82,84,85,85,87,86,86,85,84,81,78,73,68,72,71,76,77,78,83,80,81,85,86,74,76,80,84,88,88,92,91,94,96,95,94,85,84,87,89,91,94,93,93,91,93,92,92,81,84,86,92,92,96,95,94,91,93
"전라북도","고졸",320,312,317,313,322,316,315,314,317,321,323,320,319,331,331,329,328,328,334,329,340,348,349,347,345,341,342,343,347,345,345,341,349,345,351,348,347,344,339,336,345,349,346,345,345,350,354,345,341,352,358,358,354,355,352,353,357,364,362,358,356,350,350,352,354,355,364,359,354,352,350,340,352,364,360,367,367,360,365,372,365,363,371,356,357,361,367,370,375,374,373,370,361,362,357,339,345,354,354,357,355,351,355,360,364
"전라북도","대졸이상",381,377,383,390,389,390,386,379,389,382,386,380,369,370,373,371,371,372,368,366,369,364,362,363,364,365,361,372,373,371,369,364,361,363,365,368,360,355,354,356,351,357,363,367,375,375,383,375,370,367,372,371,385,400,398,394,393,391,398,390,392,391,398,410,418,418,419,411,417,416,414,405,399,401,402,400,410,411,413,412,417,416,416,419,409,412,419,417,419,417,420,420,425,430,427,427,421,422,422,427,433,439,440,439,439
"전라북도","전문대졸",109,110,106,106,102,102,102,99,100,100,99,97,91,94,90,90,94,95,96,96,100,99,97,98,99,101,102,109,112,110,104,95,95,99,101,103,100,98,95,97,100,106,108,108,113,116,116,111,107,106,111,107,114,119,121,123,126,124,124,121,117,113,110,114,120,120,120,120,120,120,122,119,113,111,104,106,116,114,117,114,113,121,118,119,117,117,120,118,120,121,119,119,118,123,120,119,121,122,119,122,122,122,117,112,111
"전라북도","대학교졸이상",272,268,277,284,287,288,284,280,290,282,287,283,278,276,283,281,278,277,272,270,268,265,266,265,266,265,259,264,261,261,265,269,266,264,264,266,260,257,259,258,251,252,256,260,263,259,267,264,263,260,261,264,270,281,276,270,267,267,274,269,275,278,288,297,298,298,298,291,297,295,293,287,286,291,298,294,295,297,297,297,304,295,298,300,292,295,300,298,299,296,300,302,308,307,307,309,300,300,303,304,311,317,323,327,328
"전라남도","계",904,920,941,956,971,973,963,965,978,981,978,952,927,920,942,968,973,969,965,962,974,982,979,971,941,948,967,968,976,975,968,978,998,999,993,974,956,968,960,960,981,991,983,982,982,988,985,953,920,951,970,982,1001,1002,992,1000,1010,1017,1008,964,964,985,994,1013,1037,1021,1011,1021,1030,1026,1034,989,980,1003,1027,1035,1046,1041,1030,1022,1020,1018,1016,987,970,991,1011,1016,1021,1013,1015,1012,1010,1010,1016,966,962,983,1000,1008,1013,1016,1004,1004,1007
"전라남도","초졸이하",158,164,188,194,197,191,185,185,185,187,183,169,154,149,166,178,183,178,174,176,174,171,170,157,147,150,168,172,174,174,165,163,163,158,158,143,136,143,147,154,162,165,162,161,159,160,157,138,122,146,158,161,163,164,166,166,168,168,165,137,140,158,163,170,172,167,167,166,171,169,167,146,139,154,166,168,177,173,166,165,168,166,164,146,136,153,158,161,166,162,157,155,155,155,153,126,136,145,151,149,151,153,151,150,148
"전라남도","중졸",108,107,104,108,111,116,118,116,118,120,119,114,115,113,117,115,117,121,120,119,122,124,123,124,120,120,120,118,122,122,122,121,119,120,116,111,110,109,111,111,114,114,114,111,111,112,112,108,102,105,109,112,111,109,111,111,106,109,110,104,106,103,105,103,110,109,108,109,110,103,105,102,102,101,105,101,101,104,102,103,102,103,103,103,98,98,104,103,107,104,110,107,111,112,114,108,107,110,114,111,112,114,111,112,112
"전라남도","고졸",358,360,352,353,358,357,354,347,357,359,362,351,344,343,335,347,343,340,342,338,346,347,340,339,335,336,334,334,338,335,345,357,365,374,370,370,363,359,354,353,361,366,365,362,356,361,356,360,352,356,353,355,367,365,361,365,374,378,372,367,362,362,363,373,382,376,367,377,378,385,393,381,382,386,383,388,387,382,381,381,369,365,363,349,348,353,359,354,359,359,362,367,366,377,383,374,365,371,372,385,390,384,378,378,372
"전라남도","대졸이상",280,289,297,302,305,310,306,318,318,315,315,318,315,315,324,328,330,330,329,328,332,340,347,350,339,341,344,344,342,345,336,338,351,347,349,350,348,357,348,342,345,345,342,348,356,355,360,348,343,344,350,354,360,364,354,359,362,362,359,356,357,362,364,367,373,369,368,369,372,369,369,360,356,362,373,378,381,382,381,374,380,384,386,389,389,387,391,399,390,388,386,382,378,366,366,358,354,357,363,364,361,366,364,364,375
"전라남도","전문대졸",105,106,107,110,109,113,112,114,110,106,106,104,102,103,109,113,117,114,113,113,116,123,127,129,128,130,136,137,133,133,128,129,136,131,131,130,126,133,129,126,133,135,138,140,143,145,147,143,140,139,138,136,144,144,139,142,140,141,136,131,129,122,124,123,127,128,127,131,129,131,132,129,128,132,137,136,138,135,134,132,134,137,139,141,142,144,148,145,138,136,136,133,131,128,130,129,131,130,132,128,129,129,128,123,125
"전라남도","대학교졸이상",175,183,190,192,196,197,195,203,208,209,209,214,213,211,215,215,213,216,216,216,215,217,220,221,211,211,209,208,208,212,208,209,215,216,218,220,222,224,218,215,211,210,204,208,213,211,213,205,203,205,212,218,216,220,215,218,222,221,224,225,228,240,240,244,246,240,241,239,243,237,237,231,229,230,236,243,243,247,247,241,246,247,247,249,247,243,243,253,252,252,250,249,247,238,235,229,223,226,230,235,232,237,236,241,250
"경상북도","계",1389,1404,1433,1446,1477,1481,1469,1458,1467,1468,1457,1409,1373,1359,1402,1439,1442,1446,1440,1440,1448,1462,1466,1402,1362,1387,1414,1423,1438,1447,1447,1450,1447,1457,1473,1418,1393,1407,1392,1395,1421,1424,1445,1441,1438,1438,1444,1385,1334,1353,1383,1408,1421,1421,1438,1432,1447,1450,1437,1397,1369,1399,1446,1471,1505,1501,1489,1491,1476,1493,1484,1416,1386,1428,1464,1492,1504,1493,1466,1457,1474,1486,1475,1414,1400,1425,1445,1471,1492,1490,1483,1474,1481,1483,1484,1413,1409,1419,1464,1485,1502,1500,1502,1516,1525
"경상북도","초졸이하",162,169,188,203,212,213,203,200,207,210,211,185,163,167,191,205,221,218,210,210,216,219,218,178,162,177,195,206,211,214,213,216,216,221,218,187,173,185,199,209,208,207,213,212,213,210,208,186,164,184,200,213,218,225,220,219,218,217,203,168,152,173,190,198,207,206,201,207,206,205,204,160,159,178,187,191,195,191,186,182,187,189,182,143,147,162,167,178,181,179,177,176,179,177,175,134,145,153,165,171,172,168,166,166,165
"경상북도","중졸",146,149,155,154,159,158,156,151,156,157,157,150,149,144,152,155,159,167,161,164,161,161,161,150,142,142,149,153,151,148,149,147,146,145,149,144,142,143,138,140,144,145,138,136,138,138,144,138,125,127,136,134,138,137,143,145,141,143,140,137,133,136,144,151,153,156,158,155,155,160,157,138,134,139,149,159,163,156,147,154,158,163,159,153,149,152,162,165,166,162,159,155,153,158,155,140,143,142,150,147,153,150,143,139,138
"경상북도","고졸",598,601,593,591,601,609,611,607,597,594,587,579,572,564,568,585,575,574,571,567,570,572,574,562,540,539,551,544,552,565,563,572,567,561,571,562,542,540,512,511,515,518,532,526,518,513,519,495,486,491,489,499,496,498,514,512,530,530,537,531,528,535,548,548,561,558,564,554,541,549,547,545,538,547,561,578,576,583,573,565,573,578,575,570,559,563,560,568,570,566,560,551,551,555,555,540,520,516,531,538,539,543,544,552,564
"경상북도","대졸이상",483,486,497,499,506,501,500,500,507,507,502,495,490,485,491,494,487,486,499,500,501,511,513,512,517,530,519,520,524,521,522,516,518,531,535,526,536,540,543,535,554,554,563,567,569,576,574,566,559,551,558,562,569,562,562,557,559,560,558,561,557,555,563,574,585,582,566,576,575,579,577,574,557,564,568,565,570,563,560,555,556,558,559,547,545,548,556,560,576,584,587,592,598,593,599,598,602,608,619,629,638,640,648,660,658
"경상북도","전문대졸",189,190,191,196,205,200,204,202,202,205,204,198,202,203,213,212,205,207,207,208,212,220,219,214,214,223,220,216,220,219,220,217,212,222,231,222,227,233,240,232,235,229,231,229,235,242,234,237,227,226,229,224,235,229,231,231,231,232,232,236,238,233,233,238,245,233,225,228,223,222,215,213,205,205,205,203,207,202,203,201,204,213,213,205,206,208,212,218,221,228,217,218,219,222,221,223,223,229,227,228,228,232,234,235,233
"경상북도","대학교졸이상",294,296,306,303,300,301,296,298,305,303,299,297,288,282,278,282,282,280,292,292,290,291,294,298,303,306,299,303,304,302,302,300,305,309,304,304,309,307,303,303,318,325,332,338,335,334,340,329,332,326,329,338,335,333,331,325,328,329,326,325,319,322,331,336,340,348,341,348,352,357,362,361,351,360,363,363,363,361,357,354,353,345,346,342,340,341,345,342,355,356,370,374,379,371,378,375,378,380,392,401,410,408,414,425,425
"경상남도","계",1678,1686,1706,1740,1740,1731,1731,1726,1736,1744,1731,1725,1688,1691,1711,1733,1772,1786,1781,1749,1777,1764,1763,1741,1714,1720,1748,1741,1757,1755,1752,1755,1753,1767,1771,1751,1736,1735,1718,1713,1724,1743,1744,1744,1729,1735,1747,1684,1654,1681,1712,1748,1766,1772,1764,1753,1760,1755,1743,1674,1674,1709,1750,1763,1768,1767,1753,1741,1740,1748,1760,1713,1680,1707,1758,1781,1795,1801,1779,1765,1768,1783,1772,1735,1716,1740,1766,1775,1789,1784,1756,1757,1757,1765,1775,1715,1748,1760,1784,1794,1803,1798,1790,1809,1823
"경상남도","초졸이하",125,123,142,148,151,151,148,155,157,164,161,148,135,136,157,162,171,174,172,164,169,163,161,138,128,126,146,153,157,158,155,159,161,161,164,150,149,161,171,174,177,181,177,175,174,183,177,150,139,155,163,176,183,182,179,182,180,181,175,146,135,150,158,165,167,164,168,166,159,162,157,134,118,129,137,138,137,135,128,131,136,136,135,118,119,133,137,134,134,139,142,143,145,143,141,107,127,134,136,134,135,133,132,136,134
"경상남도","중졸",153,154,161,173,177,166,171,172,173,181,179,175,166,173,177,175,173,176,166,164,168,169,170,165,163,153,160,158,174,170,164,164,167,168,170,172,171,159,156,147,153,153,155,157,152,157,158,147,142,137,148,153,155,164,165,165,158,159,163,153,156,157,162,170,169,173,162,161,162,161,168,157,145,149,157,164,171,170,169,168,166,163,156,148,146,144,144,149,153,150,141,145,150,141,142,136,142,140,137,133,135,130,126,127,125
"경상남도","고졸",729,736,714,714,699,704,699,684,691,686,688,691,680,683,673,685,702,702,707,687,703,698,687,690,687,708,717,715,712,723,725,747,736,744,759,753,742,748,735,730,723,734,745,745,736,732,750,727,724,724,727,733,732,729,720,727,738,730,727,701,689,700,712,707,701,699,685,680,673,669,684,665,651,651,678,689,693,695,681,680,671,683,682,679,678,684,689,675,686,685,691,680,672,680,692,682,685,683,689,696,701,694,696,703,692
"경상남도","대졸이상",671,673,689,704,714,709,712,715,715,713,704,711,707,699,705,711,726,733,737,735,737,734,745,747,735,733,725,715,714,706,708,687,690,694,679,676,674,667,657,663,670,676,667,667,667,663,663,660,649,664,674,687,696,697,700,679,684,686,677,674,694,702,718,721,731,731,738,734,746,755,751,757,766,777,786,790,795,801,800,786,796,802,799,790,772,778,796,818,815,811,781,790,790,801,800,790,795,804,823,831,833,842,836,843,872
"경상남도","전문대졸",244,243,242,249,254,258,262,267,266,267,257,261,254,257,260,264,265,262,257,260,259,270,271,275,272,272,265,262,275,272,274,266,258,266,255,258,260,257,254,251,248,243,240,238,235,236,227,232,220,224,229,228,239,234,226,222,222,219,220,216,226,225,232,233,230,224,226,225,229,249,246,242,244,246,253,258,266,276,276,273,269,285,283,275,275,279,285,299,296,293,283,288,283,297,295,293,294,290,291,291,293,294,288,284,297
"경상남도","대학교졸이상",428,430,446,455,459,451,450,448,450,446,447,450,453,443,444,447,461,471,479,475,478,464,474,473,464,461,460,453,439,434,434,421,432,428,424,418,415,410,403,412,422,433,427,428,432,426,436,428,429,440,445,458,457,463,474,457,463,466,458,458,468,477,487,488,501,508,513,509,517,506,506,515,522,531,533,532,529,525,524,513,527,517,516,515,498,499,510,519,518,518,498,502,507,504,505,497,501,514,532,539,540,548,548,559,575
"제주도","계",364,366,372,375,377,375,380,374,375,374,383,378,369,361,369,370,371,371,371,371,373,375,383,379,375,376,375,378,382,383,377,384,382,389,389,390,389,380,370,370,373,369,376,379,380,381,391,379,365,377,384,389,387,386,380,381,378,386,393,389,389,392,397,393,395,402,401,405,406,416,416,408,391,391,393,398,402,403,403,406,406,408,411,400,401,398,401,400,404,404,402,402,400,400,401,393,396,399,397,399,406,409,404,403,402
"제주도","초졸이하",31,31,32,34,34,35,36,36,37,38,39,38,33,29,34,35,36,34,35,36,36,37,38,38,34,36,37,38,39,39,38,41,40,42,40,39,38,40,41,42,42,42,42,41,40,42,42,38,31,39,41,40,39,39,36,35,34,34,34,26,27,31,31,31,30,30,31,28,28,29,28,27,24,24,24,23,24,26,25,25,25,24,24,19,22,23,22,21,21,21,22,23,24,25,25,20,24,27,26,27,28,28,27,27,26
"제주도","중졸",34,33,32,31,32,30,31,30,29,30,32,30,29,26,28,27,27,28,29,29,28,27,29,28,25,27,27,26,27,28,26,26,26,26,28,27,29,29,26,26,25,23,24,24,26,25,26,24,24,24,24,22,22,23,23,23,22,25,24,25,23,22,21,21,21,21,20,22,22,24,24,25,20,22,22,24,25,25,23,23,23,23,23,23,24,23,23,23,24,24,24,24,24,24,25,23,23,23,23,25,24,24,24,25,24
"제주도","고졸",139,137,139,140,137,140,141,136,136,134,136,135,132,130,129,130,129,132,131,129,131,131,135,130,132,131,125,130,132,136,137,137,134,137,138,142,137,131,130,128,130,129,134,134,133,134,136,132,129,131,129,135,133,134,131,135,132,137,141,143,140,141,144,140,142,144,144,147,148,153,153,146,135,134,134,136,139,140,139,142,140,140,140,139,137,132,131,133,138,137,134,133,129,129,130,132,133,135,136,135,139,138,138,136,135
"제주도","대졸이상",160,165,169,171,174,169,173,172,172,172,177,175,176,176,179,178,179,178,177,177,179,180,181,183,184,182,186,184,183,181,177,180,183,184,183,182,185,181,173,174,176,175,176,180,183,179,187,185,183,183,190,193,192,191,190,189,191,190,193,194,199,197,201,201,203,207,206,207,208,211,211,211,212,211,214,214,214,213,216,216,218,221,223,219,218,221,225,224,222,222,222,222,223,222,222,218,216,215,212,213,215,220,216,215,217
"제주도","전문대졸",78,79,80,83,84,79,82,79,81,82,85,82,81,79,79,81,83,82,77,75,76,79,80,82,84,83,86,86,81,79,75,75,74,78,78,78,77,75,74,74,71,69,70,71,69,68,70,67,66,66,68,69,70,70,70,69,68,68,70,67,68,67,67,66,65,69,68,69,73,75,73,73,74,75,75,76,80,80,81,81,83,83,83,81,80,81,82,83,83,80,78,77,78,79,77,76,75,73,70,73,71,73,75,76,75
"제주도","대학교졸이상",82,85,88,88,90,91,91,93,91,90,92,93,94,97,100,97,96,96,100,102,102,102,101,101,100,99,100,98,102,102,101,105,109,106,105,104,108,106,100,100,105,106,107,110,114,112,117,119,117,116,122,124,123,121,120,120,122,123,123,127,132,130,134,135,138,138,138,138,135,136,137,138,139,136,138,138,134,133,136,135,135,138,141,139,138,140,143,140,139,143,144,145,145,143,145,143,140,142,141,140,144,146,141,139,142
