"시점","항목",계,서울특별시,부산광역시,대구광역시,인천광역시,광주광역시,대전광역시,울산광역시,세종특별자치시,경기도,강원도,충청북도,충청남도,전라북도,전라남도,경상북도,경상남도,제주도
"2017.01","15세이상인구 (천명)",43790,8568,2997,2105,2475,1259,1296,977,199,10664,1292,1370,1818,1571,1541,2316,2822,521
"2017.01","경제활동인구 (천명)",26886,5326,1740,1284,1575,747,788,592,120,6705,717,821,1082,913,938,1436,1732,370
"2017.01","취업자 (천명)",25878,5087,1663,1232,1490,733,755,570,117,6462,697,798,1051,890,904,1389,1678,364
"2017.01","실업자 (천명)",1008,238,77,52,85,14,33,23,4,243,20,23,32,23,35,47,54,7
"2017.01","비경제활동인구 (천명)",16904,3242,1258,821,900,512,508,385,79,3959,575,549,736,658,602,880,1090,151
"2017.01","경제활동참가율 (%)",61.4,62.2,58.0,61.0,63.6,59.3,60.8,60.6,60.3,62.9,55.5,59.9,59.5,58.1,60.9,62.0,61.4,71.1
"2017.01","실업률 (%)",3.7,4.5,4.4,4.1,5.4,1.9,4.2,3.8,2.9,3.6,2.7,2.8,2.9,2.6,3.7,3.3,3.1,1.8
"2017.01","고용률 (%)",59.1,59.4,55.5,58.5,60.2,58.2,58.3,58.3,58.6,60.6,54.0,58.3,57.8,56.6,58.7,60.0,59.5,69.8
"2017.01","15-64세 고용률 (%)",65.5,65.4,62.6,65.2,66.3,63.6,63.9,62.8,63.5,66.7,62.8,65.9,66.4,63.8,64.8,66.5,65.5,75.2
"2017.02","15세이상인구 (천명)",43818,8566,2996,2106,2477,1259,1296,977,202,10682,1293,1371,1821,1571,1541,2316,2824,522
"2017.02","경제활동인구 (천명)",27321,5401,1770,1294,1605,756,792,601,125,6813,762,831,1076,920,974,1477,1750,375
"2017.02","취업자 (천명)",25979,5112,1674,1230,1503,730,756,575,121,6474,712,798,1041,878,920,1404,1686,366
"2017.02","실업자 (천명)",1342,289,96,64,102,26,36,26,4,340,50,33,35,43,54,73,64,9
"2017.02","비경제활동인구 (천명)",16497,3165,1226,812,872,503,505,376,76,3869,531,540,745,650,566,839,1074,147
"2017.02","경제활동참가율 (%)",62.4,63.1,59.1,61.4,64.8,60.0,61.1,61.5,62.2,63.8,58.9,60.6,59.1,58.6,63.2,63.8,62.0,71.8
"2017.02","실업률 (%)",4.9,5.4,5.4,4.9,6.3,3.4,4.5,4.2,3.2,5.0,6.6,3.9,3.3,4.6,5.6,4.9,3.7,2.5
"2017.02","고용률 (%)",59.3,59.7,55.9,58.4,60.7,58.0,58.3,58.9,60.2,60.6,55.1,58.2,57.2,55.9,59.7,60.6,59.7,70.0
"2017.02","15-64세 고용률 (%)",65.7,65.8,63.0,65.3,66.9,63.5,63.9,63.4,65.0,66.7,63.7,65.9,65.4,62.6,65.8,66.9,65.9,75.6
"2017.03","15세이상인구 (천명)",43846,8565,2996,2106,2479,1260,1296,977,204,10700,1293,1372,1823,1571,1541,2316,2825,524
"2017.03","경제활동인구 (천명)",27579,5377,1765,1307,1601,758,798,606,127,6901,782,862,1132,950,982,1486,1767,378
"2017.03","취업자 (천명)",26443,5114,1684,1244,1519,738,769,583,124,6599,763,840,1098,914,941,1433,1706,372
"2017.03","실업자 (천명)",1137,263,80,63,82,20,29,23,3,302,19,22,35,36,41,52,61,6
"2017.03","비경제활동인구 (천명)",16267,3187,1231,799,878,502,499,371,77,3799,511,510,691,621,558,830,1058,146
"2017.03","경제활동참가율 (%)",62.9,62.8,58.9,62.0,64.6,60.2,61.5,62.1,62.2,64.5,60.5,62.8,62.1,60.5,63.8,64.2,62.6,72.2
"2017.03","실업률 (%)",4.1,4.9,4.6,4.8,5.1,2.7,3.6,3.8,2.1,4.4,2.4,2.5,3.0,3.8,4.2,3.5,3.5,1.7
"2017.03","고용률 (%)",60.3,59.7,56.2,59.1,61.3,58.6,59.3,59.7,60.9,61.7,59.0,61.2,60.2,58.2,61.1,61.9,60.4,71.0
"2017.03","15-64세 고용률 (%)",66.1,65.8,63.1,65.3,67.0,63.2,64.3,63.9,64.9,67.3,65.8,68.1,66.5,64.1,65.5,67.4,66.0,76.2
"2017.04","15세이상인구 (천명)",43871,8562,2995,2107,2481,1260,1296,977,206,10717,1294,1373,1825,1571,1541,2316,2827,525
"2017.04","경제활동인구 (천명)",27911,5405,1777,1307,1607,769,794,605,130,6984,823,889,1187,964,991,1503,1797,382
"2017.04","취업자 (천명)",26744,5132,1688,1249,1523,741,766,583,127,6660,805,868,1149,936,956,1446,1740,375
"2017.04","실업자 (천명)",1167,272,89,58,85,28,29,22,3,324,17,21,37,28,35,57,56,7
"2017.04","비경제활동인구 (천명)",15960,3158,1217,800,873,491,502,372,76,3733,471,485,638,607,550,813,1030,143
"2017.04","경제활동참가율 (%)",63.6,63.1,59.4,62.0,64.8,61.0,61.3,61.9,63.1,65.2,63.6,64.7,65.0,61.4,64.3,64.9,63.6,72.7
"2017.04","실업률 (%)",4.2,5.0,5.0,4.4,5.3,3.7,3.6,3.6,2.0,4.6,2.1,2.4,3.2,2.9,3.5,3.8,3.1,1.8
"2017.04","고용률 (%)",61.0,59.9,56.4,59.3,61.4,58.8,59.1,59.7,61.7,62.1,62.3,63.2,63.0,59.6,62.1,62.4,61.6,71.4
"2017.04","15-64세 고용률 (%)",66.6,66.1,63.4,65.3,67.2,63.4,63.9,63.6,65.2,67.8,68.0,69.5,68.2,65.1,66.3,67.3,67.1,76.4
"2017.05","15세이상인구 (천명)",43902,8561,2994,2107,2483,1260,1297,977,208,10736,1295,1374,1828,1571,1541,2316,2828,526
"2017.05","경제활동인구 (천명)",27987,5404,1786,1297,1625,773,796,610,132,6966,839,901,1199,969,1001,1512,1795,382
"2017.05","취업자 (천명)",26992,5177,1706,1250,1548,746,769,589,130,6700,824,882,1162,944,971,1477,1740,377
"2017.05","실업자 (천명)",995,227,80,47,77,26,27,21,2,266,15,19,37,25,30,35,55,5
"2017.05","비경제활동인구 (천명)",15916,3158,1208,810,858,487,500,367,76,3770,456,474,628,602,540,804,1034,144
"2017.05","경제활동참가율 (%)",63.7,63.1,59.6,61.6,65.5,61.3,61.4,62.4,63.4,64.9,64.8,65.5,65.6,61.7,64.9,65.3,63.5,72.6
"2017.05","실업률 (%)",3.6,4.2,4.5,3.6,4.7,3.4,3.4,3.4,1.1,3.8,1.8,2.1,3.1,2.6,3.0,2.3,3.1,1.4
"2017.05","고용률 (%)",61.5,60.5,57.0,59.3,62.4,59.2,59.3,60.3,62.7,62.4,63.6,64.2,63.6,60.1,63.0,63.8,61.5,71.6
"2017.05","15-64세 고용률 (%)",67.0,66.6,64.0,65.4,67.9,63.6,64.1,64.3,65.8,67.9,69.0,70.2,68.6,65.6,66.8,68.8,66.8,76.9
"2017.06","15세이상인구 (천명)",43924,8559,2993,2108,2485,1260,1296,977,210,10753,1295,1375,1830,1571,1541,2316,2829,527
"2017.06","경제활동인구 (천명)",28081,5433,1793,1308,1620,778,795,612,134,7000,845,902,1211,959,1003,1520,1784,385
"2017.06","취업자 (천명)",27020,5206,1705,1252,1549,752,764,590,132,6695,827,880,1175,935,973,1481,1731,375
"2017.06","실업자 (천명)",1061,227,88,56,71,26,32,23,2,305,19,22,36,24,30,38,53,10
"2017.06","비경제활동인구 (천명)",15844,3126,1200,800,865,483,501,365,76,3753,450,473,619,612,539,797,1046,143
"2017.06","경제활동참가율 (%)",63.9,63.5,59.9,62.1,65.2,61.7,61.3,62.7,63.7,65.1,65.3,65.6,66.2,61.0,65.1,65.6,63.0,72.9
"2017.06","실업률 (%)",3.8,4.2,4.9,4.3,4.4,3.3,4.0,3.7,1.6,4.4,2.2,2.4,3.0,2.5,3.0,2.5,3.0,2.5
"2017.06","고용률 (%)",61.5,60.8,57.0,59.4,62.3,59.7,58.9,60.4,62.7,62.3,63.8,64.0,64.2,59.5,63.1,64.0,61.2,71.1
"2017.06","15-64세 고용률 (%)",67.1,66.9,64.0,65.5,67.9,64.2,63.7,64.4,65.7,67.7,69.1,70.1,69.2,64.9,67.2,68.9,66.7,76.2
"2017.07","15세이상인구 (천명)",43946,8556,2991,2108,2486,1260,1296,976,212,10769,1295,1376,1832,1571,1541,2316,2831,528
"2017.07","경제활동인구 (천명)",28037,5444,1776,1298,1612,779,790,610,135,7042,846,896,1196,948,994,1503,1782,387
"2017.07","취업자 (천명)",27078,5215,1696,1256,1546,753,768,587,133,6773,833,875,1169,933,963,1469,1731,380
"2017.07","실업자 (천명)",958,229,80,42,66,25,22,23,2,269,14,21,27,15,31,34,51,7
"2017.07","비경제활동인구 (천명)",15909,3112,1216,810,874,481,506,366,77,3727,449,480,636,623,548,813,1049,142
"2017.07","경제활동참가율 (%)",63.8,63.6,59.4,61.6,64.8,61.8,61.0,62.5,63.8,65.4,65.3,65.1,65.3,60.3,64.5,64.9,62.9,73.2
"2017.07","실업률 (%)",3.4,4.2,4.5,3.3,4.1,3.3,2.8,3.8,1.7,3.8,1.6,2.4,2.3,1.6,3.1,2.2,2.9,1.7
"2017.07","고용률 (%)",61.6,61.0,56.7,59.6,62.2,59.8,59.2,60.1,62.7,62.9,64.3,63.6,63.8,59.4,62.5,63.4,61.1,71.9
"2017.07","15-64세 고용률 (%)",67.2,67.1,63.7,65.5,67.7,64.4,64.2,64.1,65.7,68.4,69.2,69.5,68.8,64.9,66.5,68.8,66.7,77.2
"2017.08","15세이상인구 (천명)",43967,8553,2990,2108,2488,1260,1296,976,214,10786,1296,1377,1834,1571,1541,2316,2832,530
"2017.08","경제활동인구 (천명)",27903,5434,1774,1277,1594,769,779,604,135,7010,847,895,1200,944,995,1490,1772,386
"2017.08","취업자 (천명)",26904,5185,1687,1232,1522,749,759,581,132,6738,829,877,1169,923,965,1458,1726,374
"2017.08","실업자 (천명)",999,249,87,45,72,21,20,23,3,272,18,18,31,21,30,32,46,12
"2017.08","비경제활동인구 (천명)",16064,3120,1217,832,894,491,517,372,80,3775,449,482,634,627,546,826,1059,144
"2017.08","경제활동참가율 (%)",63.5,63.5,59.3,60.6,64.1,61.0,60.1,61.9,62.9,65.0,65.4,65.0,65.4,60.1,64.6,64.4,62.6,72.9
"2017.08","실업률 (%)",3.6,4.6,4.9,3.5,4.5,2.7,2.6,3.8,2.2,3.9,2.1,2.1,2.6,2.2,3.0,2.2,2.6,3.0
"2017.08","고용률 (%)",61.2,60.6,56.4,58.4,61.2,59.4,58.5,59.5,61.5,62.5,64.0,63.7,63.7,58.8,62.6,63.0,60.9,70.7
"2017.08","15-64세 고용률 (%)",66.8,66.8,63.5,64.5,66.8,64.0,63.4,63.5,64.7,68.0,69.2,69.9,68.7,64.0,66.8,68.2,66.2,75.7
"2017.09","15세이상인구 (천명)",43987,8550,2989,2108,2489,1260,1296,976,216,10801,1296,1378,1836,1571,1541,2316,2833,531
"2017.09","경제활동인구 (천명)",27943,5419,1757,1281,1610,762,778,601,136,7042,834,911,1209,954,999,1490,1779,382
"2017.09","취업자 (천명)",27011,5168,1680,1237,1540,740,761,581,133,6780,816,899,1183,938,978,1467,1736,375
"2017.09","실업자 (천명)",932,251,77,44,70,22,18,20,3,262,18,12,27,16,21,23,43,7
"2017.09","비경제활동인구 (천명)",16044,3131,1232,828,879,498,518,375,80,3760,461,467,627,617,542,826,1054,149
"2017.09","경제활동참가율 (%)",63.5,63.4,58.8,60.7,64.7,60.5,60.1,61.6,62.8,65.2,64.4,66.1,65.9,60.7,64.8,64.3,62.8,71.9
"2017.09","실업률 (%)",3.3,4.6,4.4,3.4,4.3,2.9,2.3,3.3,2.4,3.7,2.1,1.3,2.2,1.7,2.1,1.5,2.4,1.9
"2017.09","고용률 (%)",61.4,60.4,56.2,58.7,61.9,58.7,58.7,59.5,61.4,62.8,63.0,65.3,64.4,59.7,63.5,63.3,61.3,70.6
"2017.09","15-64세 고용률 (%)",66.9,66.6,63.2,64.8,67.3,63.5,63.5,63.6,64.6,68.3,68.1,71.6,68.7,65.0,68.0,68.4,66.6,75.4
"2017.10","15세이상인구 (천명)",44015,8549,2988,2109,2492,1260,1296,976,219,10820,1297,1379,1839,1571,1541,2316,2834,532
"2017.10","경제활동인구 (천명)",27920,5385,1748,1274,1622,767,790,606,137,7010,845,905,1210,950,1004,1502,1786,381
"2017.10","취업자 (천명)",27026,5161,1683,1224,1560,748,763,585,134,6780,819,891,1178,935,981,1468,1744,374
"2017.10","실업자 (천명)",894,224,66,50,62,20,26,21,3,230,26,14,32,15,23,34,42,7
"2017.10","비경제활동인구 (천명)",16095,3163,1240,835,870,493,506,371,82,3809,452,474,629,622,537,814,1048,152
"2017.10","경제활동참가율 (%)",63.4,63.0,58.5,60.4,65.1,60.9,60.9,62.0,62.7,64.8,65.1,65.6,65.8,60.4,65.1,64.8,63.0,71.5
"2017.10","실업률 (%)",3.2,4.2,3.8,3.9,3.8,2.6,3.3,3.4,2.4,3.3,3.0,1.5,2.6,1.5,2.3,2.2,2.3,1.8
"2017.10","고용률 (%)",61.4,60.4,56.3,58.0,62.6,59.3,58.9,59.9,61.2,62.7,63.2,64.6,64.1,59.5,63.6,63.4,61.5,70.2
"2017.10","15-64세 고용률 (%)",67.0,66.6,63.3,64.1,68.1,64.0,63.8,64.2,64.4,68.3,68.1,70.7,68.2,64.7,68.1,68.4,66.8,75.0
"2017.11","15세이상인구 (천명)",44040,8546,2987,2109,2493,1260,1296,976,221,10837,1297,1380,1841,1571,1541,2316,2836,533
"2017.11","경제활동인구 (천명)",27889,5374,1755,1290,1610,766,799,605,139,7017,829,893,1212,950,999,1485,1778,389
"2017.11","취업자 (천명)",27019,5156,1676,1236,1549,747,772,587,135,6815,810,877,1177,934,978,1457,1731,383
"2017.11","실업자 (천명)",871,218,78,54,61,19,28,18,4,203,20,16,35,17,20,28,47,6
"2017.11","비경제활동인구 (천명)",16151,3172,1232,819,883,495,497,371,82,3820,468,487,629,621,542,831,1057,145
"2017.11","경제활동참가율 (%)",63.3,62.9,58.7,61.2,64.6,60.8,61.7,62.0,62.9,64.8,63.9,64.7,65.8,60.5,64.8,64.1,62.7,72.9
"2017.11","실업률 (%)",3.1,4.1,4.5,4.2,3.8,2.5,3.4,2.9,3.1,2.9,2.4,1.7,2.9,1.8,2.0,1.9,2.6,1.5
"2017.11","고용률 (%)",61.4,60.3,56.1,58.6,62.1,59.2,59.5,60.1,60.9,62.9,62.4,63.6,63.9,59.4,63.5,62.9,61.1,71.8
"2017.11","15-64세 고용률 (%)",67.0,66.6,63.2,64.6,67.5,63.8,64.4,64.4,64.3,68.7,68.1,69.8,68.6,64.7,68.2,68.1,66.3,76.5
"2017.12","15세이상인구 (천명)",44060,8544,2986,2109,2495,1260,1296,976,223,10853,1297,1381,1843,1571,1541,2315,2837,535
"2017.12","경제활동인구 (천명)",27516,5350,1747,1274,1604,767,789,606,138,6950,763,857,1171,911,978,1451,1777,385
"2017.12","취업자 (천명)",26604,5114,1674,1227,1539,751,765,592,134,6739,743,842,1133,890,952,1409,1725,378
"2017.12","실업자 (천명)",913,236,73,48,65,16,25,14,4,211,20,15,38,21,26,42,52,7
"2017.12","비경제활동인구 (천명)",16543,3194,1239,835,891,494,506,370,85,3903,534,524,672,660,563,865,1059,150
"2017.12","경제활동참가율 (%)",62.5,62.6,58.5,60.4,64.3,60.8,60.9,62.1,61.8,64.0,58.8,62.1,63.5,58.0,63.5,62.7,62.7,72.0
"2017.12","실업률 (%)",3.3,4.4,4.2,3.7,4.1,2.1,3.1,2.3,3.0,3.0,2.7,1.8,3.2,2.3,2.7,2.9,2.9,1.8
"2017.12","고용률 (%)",60.4,59.9,56.1,58.2,61.7,59.6,59.0,60.6,60.0,62.1,57.3,61.0,61.5,56.6,61.8,60.8,60.8,70.7
"2017.12","15-64세 고용률 (%)",66.6,66.1,63.4,64.5,67.5,64.6,64.7,65.2,63.6,68.4,64.1,68.1,67.5,63.3,67.3,66.7,66.4,75.8
"2018.01","15세이상인구 (천명)",44073,8540,2984,2108,2496,1260,1295,975,226,10866,1297,1381,1845,1571,1541,2315,2838,536
"2018.01","경제활동인구 (천명)",27232,5341,1726,1248,1609,761,784,601,137,6921,733,841,1142,890,958,1431,1734,376
"2018.01","취업자 (천명)",26213,5105,1651,1194,1538,737,753,582,134,6672,700,822,1098,870,927,1373,1688,369
"2018.01","실업자 (천명)",1020,237,75,54,71,23,31,20,3,249,33,19,44,20,30,58,46,8
"2018.01","비경제활동인구 (천명)",16840,3199,1258,860,887,500,512,374,89,3945,565,540,703,681,583,884,1103,160
"2018.01","경제활동참가율 (%)",61.8,62.5,57.8,59.2,64.5,60.4,60.5,61.6,60.8,63.7,56.5,60.9,61.9,56.7,62.2,61.8,61.1,70.2
"2018.01","실업률 (%)",3.7,4.4,4.3,4.3,4.4,3.1,3.9,3.3,2.4,3.6,4.4,2.3,3.8,2.2,3.1,4.0,2.7,2.0
"2018.01","고용률 (%)",59.5,59.8,55.3,56.6,61.6,58.5,58.1,59.6,59.3,61.4,54.0,59.5,59.5,55.4,60.2,59.3,59.5,68.8
"2018.01","15-64세 고용률 (%)",66.2,66.4,63.0,63.2,68.1,64.2,64.1,64.7,63.6,67.9,62.8,67.2,67.1,62.5,66.3,66.3,65.7,75.4
"2018.02","15세이상인구 (천명)",44093,8538,2982,2108,2497,1261,1295,975,228,10881,1298,1382,1846,1570,1541,2316,2839,537
"2018.02","경제활동인구 (천명)",27348,5344,1729,1253,1629,777,793,602,139,6902,751,844,1140,915,967,1432,1758,374
"2018.02","취업자 (천명)",26083,5060,1636,1194,1546,742,758,580,136,6607,705,820,1087,881,920,1359,1691,361
"2018.02","실업자 (천명)",1265,284,93,59,83,35,35,22,3,295,46,24,53,34,47,73,67,13
"2018.02","비경제활동인구 (천명)",16744,3194,1253,855,868,483,502,373,89,3979,547,538,706,655,574,884,1081,163
"2018.02","경제활동참가율 (%)",62.0,62.6,58.0,59.4,65.2,61.7,61.2,61.8,61.1,63.4,57.8,61.1,61.8,58.3,62.7,61.8,61.9,69.7
"2018.02","실업률 (%)",4.6,5.3,5.4,4.7,5.1,4.5,4.4,3.7,2.4,4.3,6.1,2.8,4.6,3.7,4.8,5.1,3.8,3.4
"2018.02","고용률 (%)",59.2,59.3,54.9,56.6,61.9,58.9,58.6,59.5,59.6,60.7,54.3,59.3,58.9,56.1,59.7,58.7,59.5,67.3
"2018.02","15-64세 고용률 (%)",65.8,65.8,62.6,62.9,68.2,65.0,64.3,64.8,64.0,67.2,62.7,66.9,66.5,63.3,66.0,65.3,65.6,73.8
"2018.03","15세이상인구 (천명)",44100,8534,2980,2107,2497,1260,1294,974,231,10893,1298,1382,1848,1570,1540,2315,2840,538
"2018.03","경제활동인구 (천명)",27811,5381,1748,1270,1651,785,802,603,144,7012,801,884,1177,932,986,1482,1779,377
"2018.03","취업자 (천명)",26555,5083,1656,1198,1569,746,767,576,139,6730,779,858,1130,901,942,1402,1711,369
"2018.03","실업자 (천명)",1257,298,92,72,82,39,35,27,4,281,22,27,47,31,44,80,67,8
"2018.03","비경제활동인구 (천명)",16289,3153,1232,837,846,475,492,372,87,3881,497,498,671,638,555,834,1061,162
"2018.03","경제활동참가율 (%)",63.1,63.0,58.7,60.3,66.1,62.3,62.0,61.9,62.1,64.4,61.7,64.0,63.7,59.4,64.0,64.0,62.6,70.0
"2018.03","실업률 (%)",4.5,5.5,5.3,5.7,5.0,5.0,4.4,4.5,3.0,4.0,2.7,3.0,4.0,3.4,4.5,5.4,3.8,2.0
"2018.03","고용률 (%)",60.2,59.6,55.6,56.9,62.8,59.2,59.3,59.1,60.3,61.8,60.0,62.1,61.2,57.4,61.1,60.6,60.3,68.6
"2018.03","15-64세 고용률 (%)",66.1,65.9,62.8,62.6,68.5,64.2,64.3,63.7,64.0,67.8,66.1,68.8,67.2,63.6,66.2,65.9,65.6,73.6
"2018.04","15세이상인구 (천명)",44122,8533,2979,2107,2498,1261,1293,974,234,10908,1299,1382,1850,1569,1540,2315,2841,540
"2018.04","경제활동인구 (천명)",28029,5363,1729,1295,1642,791,797,607,147,7078,829,911,1220,951,1000,1496,1798,376
"2018.04","취업자 (천명)",26868,5098,1653,1225,1562,755,760,571,144,6796,804,889,1182,921,968,1439,1733,370
"2018.04","실업자 (천명)",1161,266,76,70,80,36,37,36,3,282,25,22,38,30,32,57,65,6
"2018.04","비경제활동인구 (천명)",16093,3169,1250,812,856,469,496,367,87,3830,470,472,630,618,540,819,1043,164
"2018.04","경제활동참가율 (%)",63.5,62.9,58.0,61.5,65.7,62.8,61.6,62.3,62.8,64.9,63.8,65.9,65.9,60.6,64.9,64.6,63.3,69.6
"2018.04","실업률 (%)",4.1,5.0,4.4,5.4,4.9,4.6,4.6,5.9,1.9,4.0,3.0,2.4,3.1,3.2,3.2,3.8,3.6,1.5
"2018.04","고용률 (%)",60.9,59.7,55.5,58.1,62.5,59.9,58.8,58.6,61.6,62.3,61.9,64.3,63.9,58.7,62.9,62.1,61.0,68.5
"2018.04","15-64세 고용률 (%)",66.6,66.1,62.6,64.1,67.8,64.9,63.8,63.1,65.1,68.2,66.8,69.9,68.9,64.1,67.7,67.4,66.3,73.7
"2018.05","15세이상인구 (천명)",44141,8530,2977,2106,2499,1261,1293,974,236,10922,1299,1383,1852,1569,1540,2316,2843,541
"2018.05","경제활동인구 (천명)",28184,5381,1738,1306,1663,784,795,609,152,7101,836,918,1232,961,1002,1509,1823,377
"2018.05","취업자 (천명)",27064,5097,1659,1236,1587,753,763,581,148,6846,815,890,1201,930,973,1442,1772,371
"2018.05","실업자 (천명)",1121,285,79,69,76,31,32,28,4,255,20,28,31,31,29,67,51,5
"2018.05","비경제활동인구 (천명)",15956,3149,1239,801,836,477,498,364,84,3821,464,465,620,608,538,807,1020,165
"2018.05","경제활동참가율 (%)",63.9,63.1,58.4,62.0,66.5,62.2,61.5,62.6,64.4,65.0,64.3,66.3,66.5,61.2,65.1,65.1,64.1,69.6
"2018.05","실업률 (%)",4.0,5.3,4.6,5.3,4.5,4.0,4.1,4.7,2.6,3.6,2.4,3.0,2.5,3.2,2.9,4.4,2.8,1.4
"2018.05","고용률 (%)",61.3,59.7,55.7,58.7,63.5,59.7,59.0,59.7,62.8,62.7,62.8,64.4,64.9,59.3,63.2,62.3,62.3,68.6
"2018.05","15-64세 고용률 (%)",67.0,66.1,62.6,64.4,69.0,64.7,63.8,64.0,66.2,68.5,67.6,69.5,69.5,64.2,67.9,67.0,67.7,73.8
"2018.06","15세이상인구 (천명)",44161,8528,2976,2106,2500,1261,1292,973,239,10937,1300,1384,1854,1569,1540,2316,2844,542
"2018.06","경제활동인구 (천명)",28161,5382,1745,1299,1661,771,791,605,154,7092,837,933,1228,954,994,1500,1839,376
"2018.06","취업자 (천명)",27126,5124,1676,1243,1595,746,756,578,150,6832,819,910,1198,929,969,1446,1786,371
"2018.06","실업자 (천명)",1034,258,69,56,66,25,35,27,4,259,18,23,30,25,26,54,53,5
"2018.06","비경제활동인구 (천명)",16000,3147,1231,807,839,490,501,368,85,3845,463,450,626,615,546,816,1005,166
"2018.06","경제활동참가율 (%)",63.8,63.1,58.6,61.7,66.4,61.2,61.2,62.2,64.3,64.8,64.4,67.4,66.2,60.8,64.6,64.8,64.7,69.4
"2018.06","실업률 (%)",3.7,4.8,4.0,4.3,4.0,3.3,4.4,4.5,2.3,3.7,2.1,2.5,2.4,2.7,2.6,3.6,2.9,1.4
"2018.06","고용률 (%)",61.4,60.1,56.3,59.0,63.8,59.2,58.5,59.4,62.7,62.5,63.0,65.8,64.6,59.2,62.9,62.4,62.8,68.4
"2018.06","15-64세 고용률 (%)",67.0,66.5,63.4,64.8,69.2,64.1,63.5,63.7,66.1,68.2,68.3,70.8,69.3,64.0,67.8,67.0,68.1,74.0
"2018.07","15세이상인구 (천명)",44187,8522,2974,2106,2503,1261,1292,973,242,10960,1300,1385,1856,1569,1540,2316,2845,544
"2018.07","경제활동인구 (천명)",28123,5355,1727,1300,1656,778,792,598,156,7112,838,924,1253,948,990,1495,1823,378
"2018.07","취업자 (천명)",27083,5102,1654,1249,1591,748,760,568,152,6838,815,901,1222,927,965,1440,1781,371
"2018.07","실업자 (천명)",1039,253,73,52,65,30,32,29,4,275,23,23,31,21,25,55,42,7
"2018.07","비경제활동인구 (천명)",16064,3167,1247,806,847,483,500,375,86,3848,462,461,603,621,550,821,1023,166
"2018.07","경제활동참가율 (%)",63.6,62.8,58.1,61.7,66.2,61.7,61.3,61.4,64.4,64.9,64.5,66.7,67.5,60.4,64.3,64.5,64.1,69.5
"2018.07","실업률 (%)",3.7,4.7,4.2,4.0,3.9,3.8,4.0,4.9,2.5,3.9,2.8,2.5,2.5,2.2,2.5,3.7,2.3,1.9
"2018.07","고용률 (%)",61.3,59.9,55.6,59.3,63.6,59.3,58.8,58.4,62.9,62.4,62.7,65.1,65.8,59.1,62.7,62.2,62.6,68.2
"2018.07","15-64세 고용률 (%)",67.0,66.2,62.7,65.1,69.3,64.2,63.8,62.7,66.4,68.2,67.8,70.2,70.7,64.1,67.7,67.0,67.8,73.4
"2018.08","15세이상인구 (천명)",44211,8516,2973,2106,2505,1261,1292,972,244,10982,1301,1386,1858,1568,1539,2316,2847,546
"2018.08","경제활동인구 (천명)",28039,5330,1711,1288,1640,780,787,602,156,7099,845,920,1254,941,990,1515,1804,378
"2018.08","취업자 (천명)",26907,5066,1638,1234,1570,748,749,573,153,6805,820,895,1218,916,962,1440,1749,371
"2018.08","실업자 (천명)",1133,264,73,55,70,33,38,29,4,294,24,24,36,25,28,75,55,6
"2018.08","비경제활동인구 (천명)",16172,3186,1262,818,865,481,505,370,88,3884,456,466,604,627,550,801,1043,168
"2018.08","경제활동참가율 (%)",63.4,62.6,57.5,61.2,65.5,61.9,60.9,61.9,64.1,64.6,64.9,66.4,67.5,60.0,64.3,65.4,63.4,69.3
"2018.08","실업률 (%)",4.0,5.0,4.3,4.2,4.3,4.2,4.9,4.8,2.5,4.1,2.9,2.6,2.9,2.6,2.8,4.9,3.0,1.7
"2018.08","고용률 (%)",60.9,59.5,55.1,58.6,62.7,59.3,58.0,59.0,62.5,62.0,63.1,64.6,65.5,58.4,62.5,62.2,61.4,68.1
"2018.08","15-64세 고용률 (%)",66.5,65.9,62.1,64.4,68.2,64.3,63.0,63.5,65.9,67.6,68.2,69.8,70.2,63.3,67.2,67.0,66.6,73.0
"2018.09","15세이상인구 (천명)",44237,8510,2971,2106,2507,1262,1292,972,247,11005,1301,1387,1860,1568,1539,2317,2848,547
"2018.09","경제활동인구 (천명)",28079,5311,1709,1293,1640,786,792,598,158,7114,843,912,1259,952,994,1511,1829,378
"2018.09","취업자 (천명)",27055,5050,1645,1233,1578,757,762,568,154,6867,823,890,1226,930,974,1448,1777,373
"2018.09","실업자 (천명)",1024,262,64,60,62,29,31,30,4,247,20,22,33,21,20,63,52,5
"2018.09","비경제활동인구 (천명)",16158,3199,1263,813,867,475,499,374,89,3891,458,475,601,616,545,806,1019,169
"2018.09","경제활동참가율 (%)",63.5,62.4,57.5,61.4,65.4,62.3,61.3,61.5,64.0,64.6,64.8,65.8,67.7,60.7,64.6,65.2,64.2,69.1
"2018.09","실업률 (%)",3.6,4.9,3.7,4.6,3.8,3.7,3.9,5.0,2.3,3.5,2.4,2.4,2.6,2.2,2.0,4.2,2.8,1.2
"2018.09","고용률 (%)",61.2,59.3,55.4,58.6,62.9,60.0,59.0,58.5,62.5,62.4,63.3,64.2,65.9,59.3,63.3,62.5,62.4,68.2
"2018.09","15-64세 고용률 (%)",66.8,65.8,62.4,64.5,68.5,64.9,64.0,62.8,66.1,68.1,68.4,69.3,70.5,64.2,68.0,67.2,67.6,73.0
"2018.10","15세이상인구 (천명)",44262,8504,2970,2105,2509,1262,1291,971,249,11028,1301,1388,1862,1568,1539,2317,2849,549
"2018.10","경제활동인구 (천명)",28063,5277,1736,1294,1643,778,794,604,159,7109,840,910,1256,951,997,1513,1816,385
"2018.10","취업자 (천명)",27090,5055,1677,1244,1581,753,762,576,156,6839,820,892,1219,933,982,1462,1764,375
"2018.10","실업자 (천명)",973,222,59,50,62,25,32,28,3,270,20,18,38,18,14,51,52,11
"2018.10","비경제활동인구 (천명)",16199,3227,1234,812,866,484,497,367,90,3919,461,478,606,616,542,804,1033,163
"2018.10","경제활동참가율 (%)",63.4,62.1,58.5,61.5,65.5,61.6,61.5,62.2,63.7,64.5,64.6,65.6,67.5,60.7,64.8,65.3,63.8,70.2
"2018.10","실업률 (%)",3.5,4.2,3.4,3.8,3.8,3.2,4.0,4.7,2.1,3.8,2.4,2.0,3.0,1.9,1.4,3.3,2.9,2.7
"2018.10","고용률 (%)",61.2,59.4,56.5,59.1,63.0,59.7,59.0,59.3,62.4,62.0,63.0,64.2,65.4,59.5,63.8,63.1,61.9,68.3
"2018.10","15-64세 고용률 (%)",66.8,65.9,63.7,65.1,68.6,64.7,63.8,63.8,66.0,67.7,68.4,69.6,69.6,64.5,69.1,67.9,67.1,72.8
"2018.11","15세이상인구 (천명)",44284,8497,2968,2105,2511,1262,1291,970,252,11050,1302,1389,1864,1567,1539,2317,2850,550
"2018.11","경제활동인구 (천명)",28092,5291,1734,1275,1652,778,794,597,160,7142,832,910,1256,950,998,1517,1815,391
"2018.11","취업자 (천명)",27184,5089,1683,1238,1590,756,760,570,158,6884,819,896,1220,929,979,1466,1763,383
"2018.11","실업자 (천명)",909,202,51,37,61,22,34,26,3,258,14,14,35,21,19,52,52,8
"2018.11","비경제활동인구 (천명)",16192,3207,1234,830,860,484,497,374,91,3908,470,479,609,617,540,800,1035,159
"2018.11","경제활동참가율 (%)",63.4,62.3,58.4,60.6,65.8,61.6,61.5,61.5,63.7,64.6,63.9,65.5,67.4,60.7,64.9,65.5,63.7,71.1
"2018.11","실업률 (%)",3.2,3.8,2.9,2.9,3.7,2.8,4.3,4.4,1.6,3.6,1.6,1.6,2.8,2.3,1.9,3.4,2.9,2.0
"2018.11","고용률 (%)",61.4,59.9,56.7,58.8,63.3,59.9,58.9,58.8,62.7,62.3,62.9,64.5,65.5,59.3,63.7,63.2,61.9,69.6
"2018.11","15-64세 고용률 (%)",67.1,66.1,64.0,64.9,69.1,65.0,63.9,63.2,66.4,68.1,68.3,69.8,69.9,64.4,68.8,68.2,67.3,74.4
"2018.12","15세이상인구 (천명)",44316,8492,2967,2105,2514,1263,1291,970,254,11074,1302,1390,1867,1567,1539,2318,2852,552
"2018.12","경제활동인구 (천명)",27582,5259,1710,1263,1649,773,786,594,161,7016,763,874,1180,935,986,1455,1791,387
"2018.12","취업자 (천명)",26638,5036,1656,1226,1587,747,753,567,158,6764,745,854,1147,907,971,1402,1741,379
"2018.12","실업자 (천명)",944,223,54,36,62,26,33,27,3,252,18,20,33,28,16,54,50,9
"2018.12","비경제활동인구 (천명)",16733,3234,1257,843,865,489,505,376,94,4058,539,516,687,632,552,862,1060,164
"2018.12","경제활동참가율 (%)",62.2,61.9,57.6,60.0,65.6,61.3,60.9,61.2,63.2,63.4,58.6,62.9,63.2,59.7,64.1,62.8,62.8,70.2
"2018.12","실업률 (%)",3.4,4.2,3.1,2.9,3.7,3.4,4.2,4.6,1.9,3.6,2.4,2.3,2.8,3.0,1.6,3.7,2.8,2.2
"2018.12","고용률 (%)",60.1,59.3,55.8,58.3,63.1,59.2,58.3,58.4,62.0,61.1,57.2,61.4,61.4,57.9,63.1,60.5,61.0,68.6
"2018.12","15-64세 고용률 (%)",66.5,65.7,63.4,64.7,69.3,65.1,64.3,63.1,66.2,67.3,65.2,67.8,68.3,64.1,69.0,67.1,67.2,73.2
"2019.01","15세이상인구 (천명)",44319,8485,2964,2104,2515,1262,1290,969,256,11093,1301,1391,1868,1565,1537,2316,2850,553
"2019.01","경제활동인구 (천명)",27455,5244,1703,1247,1620,771,792,585,161,7017,772,862,1171,930,963,1443,1789,385
"2019.01","취업자 (천명)",26232,4977,1629,1200,1547,733,746,554,157,6710,721,836,1136,894,941,1362,1714,375
"2019.01","실업자 (천명)",1224,268,74,47,73,38,46,31,4,307,51,26,35,36,22,82,75,11
"2019.01","비경제활동인구 (천명)",16864,3241,1261,857,895,491,498,384,95,4077,529,529,696,636,574,873,1061,167
"2019.01","경제활동참가율 (%)",61.9,61.8,57.4,59.3,64.4,61.1,61.4,60.4,62.9,63.3,59.3,62.0,62.7,59.4,62.7,62.3,62.8,69.8
"2019.01","실업률 (%)",4.5,5.1,4.4,3.7,4.5,4.9,5.8,5.4,2.6,4.4,6.5,3.0,3.0,3.8,2.3,5.6,4.2,2.8
"2019.01","고용률 (%)",59.2,58.7,54.9,57.1,61.5,58.1,57.8,57.1,61.2,60.5,55.4,60.1,60.8,57.1,61.2,58.8,60.1,67.8
"2019.01","15-64세 고용률 (%)",65.9,65.3,63.1,63.7,68.2,64.6,63.9,62.3,65.5,66.8,65.0,67.4,68.7,63.8,67.6,66.1,66.8,72.8
"2019.02","15세이상인구 (천명)",44382,8487,2965,2106,2519,1263,1291,969,259,11128,1303,1394,1871,1566,1538,2318,2853,554
"2019.02","경제활동인구 (천명)",27649,5236,1725,1252,1644,777,799,590,164,7056,784,881,1178,932,979,1461,1805,387
"2019.02","취업자 (천명)",26346,4958,1641,1198,1556,736,756,560,158,6734,731,846,1141,902,948,1387,1720,376
"2019.02","실업자 (천명)",1303,278,84,54,88,41,43,31,6,322,53,35,37,30,31,74,85,11
"2019.02","비경제활동인구 (천명)",16734,3251,1240,853,875,486,492,378,95,4072,519,513,693,634,559,857,1048,167
"2019.02","경제활동참가율 (%)",62.3,61.7,58.2,59.5,65.2,61.5,61.9,60.9,63.2,63.4,60.2,63.2,63.0,59.5,63.7,63.0,63.3,69.9
"2019.02","실업률 (%)",4.7,5.3,4.9,4.3,5.4,5.3,5.4,5.3,3.5,4.6,6.7,4.0,3.1,3.2,3.2,5.1,4.7,2.8
"2019.02","고용률 (%)",59.4,58.4,55.3,56.9,61.7,58.2,58.6,57.8,61.0,60.5,56.1,60.7,61.0,57.6,61.6,59.8,60.3,67.9
"2019.02","15-64세 고용률 (%)",65.8,65.1,63.2,63.4,68.2,64.6,64.3,62.4,65.0,66.6,64.3,67.3,68.4,63.4,67.7,66.5,66.9,72.3
"2019.03","15세이상인구 (천명)",44409,8483,2964,2105,2522,1263,1291,968,261,11154,1303,1395,1873,1565,1537,2318,2853,555
"2019.03","경제활동인구 (천명)",28002,5275,1750,1269,1651,780,797,593,166,7153,831,896,1226,939,996,1474,1824,383
"2019.03","취업자 (천명)",26805,4982,1660,1214,1571,748,760,562,163,6871,800,869,1192,911,967,1414,1748,375
"2019.03","실업자 (천명)",1197,293,90,55,80,32,38,31,3,281,31,27,34,28,30,60,77,8
"2019.03","비경제활동인구 (천명)",16408,3209,1214,836,871,484,494,376,95,4001,471,499,647,626,541,844,1028,172
"2019.03","경제활동참가율 (%)",63.1,62.2,59.0,60.3,65.5,61.7,61.8,61.2,63.7,64.1,63.8,64.2,65.5,60.0,64.8,63.6,63.9,69.0
"2019.03","실업률 (%)",4.3,5.6,5.1,4.4,4.8,4.1,4.7,5.2,2.0,3.9,3.7,3.0,2.7,3.0,3.0,4.1,4.2,2.1
"2019.03","고용률 (%)",60.4,58.7,56.0,57.6,62.3,59.2,58.8,58.1,62.3,61.6,61.4,62.3,63.7,58.2,62.9,61.0,61.3,67.5
"2019.03","15-64세 고용률 (%)",66.2,65.1,63.5,63.9,68.1,64.5,64.1,62.6,65.8,67.3,67.0,67.8,69.5,63.6,67.7,67.0,67.2,71.6
"2019.04","15세이상인구 (천명)",44444,8481,2963,2106,2524,1264,1291,968,263,11181,1303,1397,1875,1565,1537,2318,2853,556
"2019.04","경제활동인구 (천명)",28284,5329,1742,1279,1665,779,796,600,168,7227,861,917,1249,961,1001,1496,1827,389
"2019.04","취업자 (천명)",27038,5052,1661,1220,1583,745,755,569,165,6924,831,883,1209,933,968,1423,1741,378
"2019.04","실업자 (천명)",1245,277,81,59,82,35,42,31,3,303,30,34,40,29,33,73,85,10
"2019.04","비경제활동인구 (천명)",16160,3152,1221,827,860,485,495,368,95,3954,442,481,626,603,536,822,1027,167
"2019.04","경제활동참가율 (%)",63.6,62.8,58.8,60.7,65.9,61.7,61.7,62.0,63.8,64.6,66.1,65.6,66.6,61.4,65.1,64.5,64.0,69.9
"2019.04","실업률 (%)",4.4,5.2,4.6,4.6,4.9,4.5,5.2,5.2,1.8,4.2,3.5,3.7,3.2,3.0,3.3,4.9,4.7,2.6
"2019.04","고용률 (%)",60.8,59.6,56.1,57.9,62.7,58.9,58.4,58.8,62.7,61.9,63.8,63.2,64.5,59.6,63.0,61.4,61.0,68.1
"2019.04","15-64세 고용률 (%)",66.5,65.8,63.6,64.0,68.7,64.0,63.7,63.5,66.0,67.6,68.8,68.3,69.6,64.6,67.7,66.8,66.6,72.0
"2019.05","15세이상인구 (천명)",44460,8475,2961,2105,2526,1264,1291,967,265,11204,1302,1398,1876,1563,1536,2318,2852,557
"2019.05","경제활동인구 (천명)",28468,5368,1743,1286,1663,780,803,602,171,7298,866,934,1259,966,1006,1499,1832,391
"2019.05","취업자 (천명)",27322,5107,1676,1230,1595,748,766,575,167,7004,840,900,1222,943,976,1438,1757,382
"2019.05","실업자 (천명)",1145,261,68,56,69,32,37,27,5,294,27,34,38,23,31,61,76,9
"2019.05","비경제활동인구 (천명)",15992,3108,1218,819,863,484,489,365,94,3906,436,464,617,597,530,818,1020,165
"2019.05","경제활동참가율 (%)",64.0,63.3,58.9,61.1,65.9,61.7,62.2,62.3,64.5,65.1,66.5,66.8,67.1,61.8,65.5,64.7,64.2,70.3
"2019.05","실업률 (%)",4.0,4.9,3.9,4.3,4.1,4.0,4.6,4.5,2.6,4.0,3.1,3.6,3.0,2.4,3.0,4.1,4.1,2.4
"2019.05","고용률 (%)",61.5,60.3,56.6,58.4,63.1,59.2,59.3,59.5,62.8,62.5,64.5,64.3,65.1,60.3,63.5,62.0,61.6,68.6
"2019.05","15-64세 고용률 (%)",67.1,66.5,64.0,64.5,68.7,64.2,64.5,64.2,65.9,68.1,69.5,69.3,70.1,65.1,68.0,67.6,67.1,72.4
"2019.06","15세이상인구 (천명)",44495,8473,2960,2105,2529,1264,1291,966,268,11232,1302,1400,1878,1563,1536,2318,2853,558
"2019.06","경제활동인구 (천명)",28545,5368,1751,1286,1678,781,808,601,174,7330,861,924,1260,969,1013,1514,1839,391
"2019.06","취업자 (천명)",27408,5134,1680,1233,1599,753,771,577,169,7051,832,890,1216,944,975,1447,1755,383
"2019.06","실업자 (천명)",1137,234,71,53,79,27,37,24,5,279,29,34,44,25,38,67,84,7
"2019.06","비경제활동인구 (천명)",15951,3105,1210,819,851,483,484,366,94,3902,442,476,619,594,523,804,1014,167
"2019.06","경제활동참가율 (%)",64.2,63.4,59.1,61.1,66.4,61.8,62.5,62.2,65.0,65.3,66.1,66.0,67.1,62.0,66.0,65.3,64.5,70.0
"2019.06","실업률 (%)",4.0,4.4,4.1,4.1,4.7,3.5,4.6,4.0,2.8,3.8,3.4,3.7,3.5,2.6,3.8,4.4,4.6,1.9
"2019.06","고용률 (%)",61.6,60.6,56.7,58.6,63.2,59.6,59.7,59.7,63.2,62.8,63.8,63.6,64.7,60.4,63.5,62.4,61.5,68.7
"2019.06","15-64세 고용률 (%)",67.2,66.7,64.1,64.8,68.8,64.3,64.9,64.2,66.2,68.3,68.9,68.2,69.7,65.2,67.9,67.9,67.1,72.5
"2019.07","15세이상인구 (천명)",44530,8475,2960,2105,2531,1265,1291,966,269,11254,1303,1401,1880,1563,1535,2318,2854,559
"2019.07","경제활동인구 (천명)",28480,5389,1757,1281,1663,773,811,600,177,7293,868,923,1256,964,1002,1497,1839,387
"2019.07","취업자 (천명)",27383,5153,1696,1227,1582,747,781,577,172,7009,848,893,1212,941,968,1447,1752,377
"2019.07","실업자 (천명)",1097,236,62,54,81,26,30,23,5,284,20,30,43,24,34,50,87,9
"2019.07","비경제활동인구 (천명)",16050,3086,1203,824,868,492,480,366,92,3961,436,478,625,598,534,821,1015,172
"2019.07","경제활동참가율 (%)",64.0,63.6,59.4,60.9,65.7,61.1,62.8,62.1,65.8,64.8,66.6,65.9,66.8,61.7,65.3,64.6,64.4,69.2
"2019.07","실업률 (%)",3.9,4.4,3.5,4.2,4.9,3.3,3.7,3.8,2.9,3.9,2.3,3.3,3.4,2.5,3.4,3.3,4.7,2.4
"2019.07","고용률 (%)",61.5,60.8,57.3,58.3,62.5,59.1,60.5,59.7,63.9,62.3,65.0,63.7,64.5,60.2,63.0,62.4,61.4,67.5
"2019.07","15-64세 고용률 (%)",67.1,67.0,64.8,64.5,68.1,64.0,65.9,64.1,67.1,67.9,70.5,68.5,69.6,65.1,67.9,67.8,66.9,71.5
"2019.08","15세이상인구 (천명)",44546,8474,2958,2104,2532,1265,1291,966,271,11272,1303,1402,1881,1562,1534,2318,2854,559
"2019.08","경제활동인구 (천명)",28216,5337,1724,1270,1646,779,810,591,176,7226,870,917,1239,949,997,1490,1806,389
"2019.08","취업자 (천명)",27358,5132,1687,1228,1582,753,787,572,172,6998,851,896,1204,927,978,1450,1755,384
"2019.08","실업자 (천명)",858,205,37,42,63,25,22,19,4,228,19,21,35,22,19,41,51,6
"2019.08","비경제활동인구 (천명)",16330,3137,1234,834,886,487,481,375,96,4046,433,485,642,613,537,828,1048,170
"2019.08","경제활동참가율 (%)",63.3,63.0,58.3,60.4,65.0,61.5,62.7,61.2,64.8,64.1,66.8,65.4,65.9,60.8,65.0,64.3,63.3,69.6
"2019.08","실업률 (%)",3.0,3.8,2.1,3.3,3.8,3.2,2.8,3.1,2.2,3.2,2.2,2.2,2.8,2.4,1.9,2.7,2.8,1.5
"2019.08","고용률 (%)",61.4,60.6,57.0,58.4,62.5,59.5,61.0,59.3,63.4,62.1,65.3,63.9,64.0,59.3,63.7,62.5,61.5,68.6
"2019.08","15-64세 고용률 (%)",67.0,66.8,64.6,64.6,68.0,64.3,66.4,63.9,66.4,67.6,70.8,68.8,69.0,64.0,69.1,67.8,66.9,72.4
"2019.09","15세이상인구 (천명)",44573,8474,2957,2104,2534,1266,1291,965,273,11292,1303,1403,1883,1561,1534,2318,2855,560
"2019.09","경제활동인구 (천명)",28288,5345,1749,1264,1650,780,811,601,174,7234,867,913,1247,957,1016,1491,1802,388
"2019.09","취업자 (천명)",27404,5151,1692,1226,1593,753,787,579,170,6991,847,895,1209,933,998,1447,1753,382
"2019.09","실업자 (천명)",884,194,57,39,58,27,24,22,4,243,20,18,38,23,19,44,49,6
"2019.09","비경제활동인구 (천명)",16285,3130,1208,839,884,486,480,365,100,4058,437,490,636,605,518,828,1053,172
"2019.09","경제활동참가율 (%)",63.5,63.1,59.1,60.1,65.1,61.6,62.8,62.2,63.6,64.1,66.5,65.1,66.2,61.3,66.3,64.3,63.1,69.3
"2019.09","실업률 (%)",3.1,3.6,3.3,3.1,3.5,3.4,2.9,3.6,2.4,3.4,2.3,2.0,3.0,2.4,1.8,3.0,2.7,1.6
"2019.09","고용률 (%)",61.5,60.8,57.2,58.3,62.9,59.5,61.0,59.9,62.1,61.9,65.0,63.8,64.2,59.8,65.0,62.4,61.4,68.2
"2019.09","15-64세 고용률 (%)",67.1,67.1,64.7,64.4,68.4,64.1,66.4,64.4,65.0,67.5,70.1,68.6,69.1,64.4,70.7,67.6,66.8,72.2
"2019.10","15세이상인구 (천명)",44601,8475,2956,2103,2535,1266,1291,965,275,11313,1304,1404,1884,1561,1533,2319,2856,561
"2019.10","경제활동인구 (천명)",28373,5335,1755,1261,1648,783,814,595,178,7270,864,918,1259,961,1014,1502,1821,395
"2019.10","취업자 (천명)",27509,5143,1703,1223,1584,762,788,576,173,7041,841,901,1229,933,999,1457,1767,389
"2019.10","실업자 (천명)",864,192,52,38,63,21,26,19,5,229,24,18,30,28,15,45,53,6
"2019.10","비경제활동인구 (천명)",16228,3141,1201,842,888,483,477,370,97,4043,439,486,625,599,520,816,1035,166
"2019.10","경제활동참가율 (%)",63.6,62.9,59.4,60.0,65.0,61.8,63.1,61.6,64.6,64.3,66.3,65.4,66.8,61.6,66.1,64.8,63.7,70.5
"2019.10","실업률 (%)",3.0,3.6,2.9,3.0,3.8,2.7,3.2,3.1,2.6,3.1,2.7,1.9,2.4,2.9,1.4,3.0,2.9,1.6
"2019.10","고용률 (%)",61.7,60.7,57.6,58.1,62.5,60.2,61.0,59.7,63.0,62.2,64.5,64.1,65.2,59.8,65.2,62.8,61.9,69.3
"2019.10","15-64세 고용률 (%)",67.3,66.9,65.3,64.2,68.1,65.0,66.5,64.2,65.9,67.8,69.4,69.2,70.2,64.3,70.8,67.8,67.2,73.0
"2019.11","15세이상인구 (천명)",44625,8475,2955,2102,2537,1267,1291,965,277,11333,1304,1405,1885,1560,1532,2319,2857,562
"2019.11","경제활동인구 (천명)",28380,5311,1754,1260,1658,784,819,601,181,7308,855,912,1235,963,1008,1511,1825,396
"2019.11","취업자 (천명)",27515,5129,1699,1226,1593,762,790,580,175,7058,834,889,1211,942,993,1473,1771,389
"2019.11","실업자 (천명)",866,182,55,34,64,22,29,22,6,250,20,23,25,20,15,38,54,6
"2019.11","비경제활동인구 (천명)",16245,3164,1201,842,879,482,472,364,96,4025,449,493,650,598,524,808,1032,166
"2019.11","경제활동참가율 (%)",63.6,62.7,59.4,59.9,65.3,61.9,63.4,62.3,65.2,64.5,65.6,64.9,65.5,61.7,65.8,65.2,63.9,70.5
"2019.11","실업률 (%)",3.1,3.4,3.1,2.7,3.9,2.8,3.5,3.6,3.2,3.4,2.4,2.5,2.0,2.1,1.5,2.5,2.9,1.6
"2019.11","고용률 (%)",61.7,60.5,57.5,58.3,62.8,60.2,61.2,60.1,63.2,62.3,64.0,63.3,64.2,60.4,64.8,63.5,62.0,69.3
"2019.11","15-64세 고용률 (%)",67.4,66.7,65.2,64.5,68.4,65.0,66.5,64.5,66.3,68.0,69.2,68.3,69.4,65.0,70.7,68.7,67.5,73.0
"2019.12","15세이상인구 (천명)",44661,8477,2954,2102,2539,1268,1291,965,279,11356,1305,1406,1887,1560,1532,2320,2858,562
"2019.12","경제활동인구 (천명)",28095,5295,1738,1239,1648,776,811,597,178,7300,799,897,1197,947,994,1482,1800,399
"2019.12","취업자 (천명)",27154,5117,1684,1206,1586,754,777,576,172,7030,760,865,1169,927,974,1418,1751,390
"2019.12","실업자 (천명)",942,177,54,33,63,22,34,21,6,270,39,33,28,20,20,64,49,9
"2019.12","비경제활동인구 (천명)",16566,3183,1216,863,891,492,480,368,101,4056,506,509,691,613,539,837,1058,164
"2019.12","경제활동참가율 (%)",62.9,62.5,58.8,58.9,64.9,61.2,62.8,61.8,63.9,64.3,61.2,63.8,63.4,60.7,64.8,63.9,63.0,70.9
"2019.12","실업률 (%)",3.4,3.3,3.1,2.6,3.8,2.8,4.2,3.5,3.6,3.7,4.9,3.7,2.3,2.1,2.0,4.3,2.7,2.2
"2019.12","고용률 (%)",60.8,60.4,57.0,57.4,62.4,59.5,60.2,59.7,61.6,61.9,58.2,61.5,61.9,59.4,63.6,61.1,61.3,69.3
"2019.12","15-64세 고용률 (%)",67.1,66.9,64.8,63.8,68.4,64.9,66.0,64.2,65.4,67.9,66.5,68.1,68.3,64.9,70.3,67.5,67.3,73.8
"2020.01","15세이상인구 (천명)",44665,8482,2952,2100,2539,1268,1289,965,280,11366,1304,1406,1886,1559,1531,2319,2856,562
"2020.01","경제활동인구 (천명)",27952,5313,1726,1235,1624,780,818,599,177,7249,789,896,1154,932,993,1469,1800,400
"2020.01","취업자 (천명)",26800,5089,1660,1190,1552,750,776,568,172,6956,735,858,1114,907,956,1393,1736,389
"2020.01","실업자 (천명)",1153,224,66,45,72,30,42,31,5,293,55,38,40,25,37,76,64,11
"2020.01","비경제활동인구 (천명)",16713,3170,1227,865,915,489,471,366,103,4117,515,510,732,627,538,850,1056,162
"2020.01","경제활동참가율 (%)",62.6,62.6,58.4,58.8,64.0,61.5,63.4,62.1,63.2,63.8,60.5,63.7,61.2,59.8,64.9,63.3,63.0,71.1
"2020.01","실업률 (%)",4.1,4.2,3.8,3.6,4.5,3.8,5.1,5.2,2.7,4.0,6.9,4.2,3.5,2.7,3.7,5.2,3.6,2.7
"2020.01","고용률 (%)",60.0,60.0,56.2,56.7,61.1,59.1,60.2,58.8,61.4,61.2,56.3,61.0,59.1,58.2,62.4,60.0,60.8,69.2
"2020.01","15-64세 고용률 (%)",66.7,66.8,64.4,63.5,67.4,65.1,66.6,63.7,65.9,67.6,65.5,67.9,66.6,63.9,69.4,66.8,67.2,73.4
"2020.02","15세이상인구 (천명)",44698,8492,2952,2098,2541,1270,1289,965,281,11384,1306,1407,1886,1558,1530,2320,2856,563
"2020.02","경제활동인구 (천명)",27991,5330,1726,1242,1634,777,825,601,177,7224,797,901,1169,931,999,1463,1805,391
"2020.02","취업자 (천명)",26838,5103,1651,1193,1566,750,784,569,171,6909,759,868,1120,904,968,1407,1735,380
"2020.02","실업자 (천명)",1153,227,74,49,68,27,41,32,6,314,37,33,49,27,30,56,70,10
"2020.02","비경제활동인구 (천명)",16708,3162,1227,857,906,493,464,364,104,4161,509,506,717,627,531,857,1051,172
"2020.02","경제활동참가율 (%)",62.6,62.8,58.5,59.2,64.3,61.2,64.0,62.3,63.1,63.5,61.0,64.0,62.0,59.8,65.3,63.1,63.2,69.5
"2020.02","실업률 (%)",4.1,4.3,4.3,4.0,4.2,3.4,5.0,5.3,3.4,4.3,4.7,3.7,4.2,2.9,3.0,3.8,3.9,2.7
"2020.02","고용률 (%)",60.0,60.1,55.9,56.8,61.6,59.1,60.8,59.0,60.9,60.7,58.1,61.7,59.4,58.0,63.3,60.6,60.7,67.6
"2020.02","15-64세 고용률 (%)",66.3,66.8,63.5,63.3,67.5,64.4,66.6,63.9,65.3,66.8,65.2,67.9,66.0,63.2,69.5,66.7,66.5,71.2
"2020.03","15세이상인구 (천명)",44712,8499,2951,2096,2541,1271,1288,965,282,11397,1306,1407,1885,1558,1528,2320,2855,563
"2020.03","경제활동인구 (천명)",27789,5282,1717,1173,1624,769,808,581,179,7174,829,913,1194,933,985,1445,1803,381
"2020.03","취업자 (천명)",26609,5017,1643,1124,1541,739,767,556,173,6874,798,884,1147,907,960,1392,1718,370
"2020.03","실업자 (천명)",1180,265,73,49,83,30,41,26,5,300,31,29,47,25,25,53,85,11
"2020.03","비경제활동인구 (천명)",16923,3217,1234,923,917,502,480,383,104,4223,477,494,691,625,543,876,1052,182
"2020.03","경제활동참가율 (%)",62.2,62.1,58.2,56.0,63.9,60.5,62.7,60.3,63.3,62.9,63.5,64.9,63.4,59.9,64.5,62.3,63.2,67.7
"2020.03","실업률 (%)",4.2,5.0,4.3,4.2,5.1,3.8,5.1,4.4,3.0,4.2,3.7,3.2,3.9,2.7,2.6,3.7,4.7,2.8
"2020.03","고용률 (%)",59.5,59.0,55.7,53.6,60.6,58.2,59.5,57.6,61.4,60.3,61.1,62.8,60.9,58.2,62.8,60.0,60.2,65.8
"2020.03","15-64세 고용률 (%)",65.4,65.6,63.4,59.4,66.0,63.4,65.1,62.5,65.1,66.1,66.8,68.6,66.6,62.9,68.7,65.1,65.2,68.9
"2020.04","15세이상인구 (천명)",44725,8506,2950,2093,2541,1272,1287,965,283,11410,1306,1407,1884,1557,1527,2321,2853,563
"2020.04","경제활동인구 (천명)",27734,5267,1685,1179,1626,769,809,576,183,7138,834,914,1216,938,985,1454,1783,380
"2020.04","취업자 (천명)",26562,4986,1601,1131,1546,737,768,552,177,6852,801,887,1173,913,960,1395,1713,370
"2020.04","실업자 (천명)",1172,281,84,49,80,32,41,24,6,286,33,27,43,25,25,60,69,10
"2020.04","비경제활동인구 (천명)",16991,3239,1265,914,915,504,478,388,101,4273,473,493,669,619,542,866,1071,183
"2020.04","경제활동참가율 (%)",62.0,61.9,57.1,56.3,64.0,60.4,62.9,59.7,64.4,62.6,63.8,65.0,64.5,60.2,64.5,62.7,62.5,67.5
"2020.04","실업률 (%)",4.2,5.3,5.0,4.1,4.9,4.2,5.1,4.2,3.1,4.0,3.9,2.9,3.5,2.6,2.5,4.1,3.9,2.6
"2020.04","고용률 (%)",59.4,58.6,54.3,54.0,60.8,57.9,59.7,57.2,62.5,60.0,61.3,63.1,62.3,58.7,62.9,60.1,60.0,65.8
"2020.04","15-64세 고용률 (%)",65.1,65.1,61.6,60.0,66.3,63.1,65.1,62.0,66.1,65.8,66.8,68.7,67.5,62.9,68.3,64.8,65.1,69.2
"2020.05","15세이상인구 (천명)",44756,8515,2949,2092,2543,1274,1287,965,285,11428,1307,1408,1884,1556,1526,2322,2853,563
"2020.05","경제활동인구 (천명)",28209,5341,1701,1225,1649,782,819,582,185,7242,850,937,1244,962,1010,1498,1798,385
"2020.05","취업자 (천명)",26930,5033,1611,1170,1571,747,774,557,178,6944,818,908,1190,931,981,1421,1724,373
"2020.05","실업자 (천명)",1278,308,91,55,78,35,45,25,7,298,31,30,54,31,29,77,74,12
"2020.05","비경제활동인구 (천명)",16548,3174,1248,867,894,492,468,383,100,4186,458,471,640,594,516,824,1056,178
"2020.05","경제활동참가율 (%)",63.0,62.7,57.7,58.6,64.8,61.4,63.6,60.3,65.0,63.4,65.0,66.6,66.0,61.8,66.2,64.5,63.0,68.5
"2020.05","실업률 (%)",4.5,5.8,5.3,4.5,4.7,4.4,5.5,4.2,3.6,4.1,3.7,3.2,4.3,3.3,2.9,5.1,4.1,3.1
"2020.05","고용률 (%)",60.2,59.1,54.6,55.9,61.8,58.7,60.1,57.8,62.7,60.8,62.6,64.5,63.2,59.8,64.3,61.2,60.4,66.4
"2020.05","15-64세 고용률 (%)",65.8,65.8,61.7,61.9,67.1,63.6,65.4,62.4,66.0,66.4,67.8,69.9,68.1,63.6,69.1,66.1,65.0,69.7
"2020.06","15세이상인구 (천명)",44775,8523,2948,2090,2543,1275,1286,965,286,11442,1308,1408,1884,1556,1525,2322,2852,563
"2020.06","경제활동인구 (천명)",28283,5303,1718,1244,1648,788,818,588,190,7230,855,943,1257,970,1013,1504,1830,384
"2020.06","취업자 (천명)",27055,5049,1634,1188,1566,755,779,557,183,6937,821,911,1205,944,991,1424,1743,369
"2020.06","실업자 (천명)",1228,254,84,56,83,33,40,31,6,293,33,31,52,26,22,80,87,15
"2020.06","비경제활동인구 (천명)",16492,3220,1231,845,895,487,468,376,96,4212,453,466,626,586,512,818,1022,178
"2020.06","경제활동참가율 (%)",63.2,62.2,58.3,59.5,64.8,61.8,63.6,61.0,66.5,63.2,65.3,66.9,66.8,62.3,66.4,64.8,64.2,68.3
"2020.06","실업률 (%)",4.3,4.8,4.9,4.5,5.0,4.2,4.8,5.3,3.4,4.1,3.9,3.3,4.2,2.7,2.2,5.3,4.7,4.0
"2020.06","고용률 (%)",60.4,59.2,55.4,56.9,61.6,59.2,60.5,57.7,64.2,60.6,62.8,64.7,64.0,60.7,65.0,61.3,61.1,65.6
"2020.06","15-64세 고용률 (%)",65.9,65.9,62.4,62.8,66.8,64.3,66.0,62.5,67.5,66.1,68.0,70.0,68.9,64.7,69.6,66.2,65.6,68.9
"2020.07","15세이상인구 (천명)",44795,8524,2948,2089,2544,1276,1286,964,287,11460,1308,1409,1884,1555,1525,2322,2853,563
"2020.07","경제활동인구 (천명)",28244,5313,1722,1247,1641,778,821,587,191,7225,848,935,1253,967,1009,1510,1814,385
"2020.07","취업자 (천명)",27106,5076,1639,1193,1571,749,780,562,184,6923,816,909,1209,946,983,1445,1744,376
"2020.07","실업자 (천명)",1138,237,83,54,69,29,41,25,6,302,33,27,44,21,26,64,69,9
"2020.07","비경제활동인구 (천명)",16551,3212,1226,842,904,497,465,377,97,4236,460,473,631,588,515,812,1039,179
"2020.07","경제활동참가율 (%)",63.1,62.3,58.4,59.7,64.5,61.0,63.8,60.9,66.4,63.0,64.8,66.4,66.5,62.2,66.2,65.0,63.6,68.3
"2020.07","실업률 (%)",4.0,4.5,4.8,4.3,4.2,3.7,5.0,4.2,3.4,4.2,3.9,2.8,3.5,2.1,2.6,4.2,3.8,2.3
"2020.07","고용률 (%)",60.5,59.5,55.6,57.1,61.8,58.7,60.6,58.3,64.1,60.4,62.3,64.5,64.2,60.9,64.5,62.3,61.1,66.8
"2020.07","15-64세 고용률 (%)",66.0,66.1,62.6,63.3,67.1,63.8,66.1,63.0,67.5,65.8,67.5,70.0,69.1,65.1,69.3,67.4,65.8,70.1
"2020.08","15세이상인구 (천명)",44813,8526,2947,2088,2545,1276,1285,964,288,11478,1308,1409,1884,1554,1524,2321,2853,563
"2020.08","경제활동인구 (천명)",27949,5259,1709,1241,1635,771,815,579,190,7133,839,924,1232,958,995,1487,1799,385
"2020.08","취업자 (천명)",27085,5083,1645,1202,1576,747,787,561,185,6887,820,897,1206,943,982,1441,1744,379
"2020.08","실업자 (천명)",864,176,64,39,59,23,28,18,5,245,19,27,26,16,13,46,56,6
"2020.08","비경제활동인구 (천명)",16864,3267,1238,847,910,505,470,385,98,4345,469,485,653,596,529,834,1053,179
"2020.08","경제활동참가율 (%)",62.4,61.7,58.0,59.4,64.2,60.4,63.4,60.1,65.9,62.1,64.1,65.6,65.4,61.6,65.3,64.1,63.1,68.3
"2020.08","실업률 (%)",3.1,3.3,3.7,3.1,3.6,3.0,3.4,3.2,2.5,3.4,2.3,2.9,2.1,1.6,1.3,3.1,3.1,1.6
"2020.08","고용률 (%)",60.4,59.6,55.8,57.6,61.9,58.6,61.2,58.2,64.3,60.0,62.7,63.7,64.0,60.6,64.5,62.1,61.1,67.2
"2020.08","15-64세 고용률 (%)",65.9,66.2,63.0,63.9,67.4,63.6,66.6,62.7,67.6,65.3,68.1,69.1,68.9,65.1,69.3,67.2,65.6,70.7
"2020.09","15세이상인구 (천명)",44829,8527,2946,2087,2545,1276,1285,964,290,11495,1308,1409,1885,1554,1523,2320,2852,564
"2020.09","경제활동인구 (천명)",28012,5239,1706,1242,1634,779,814,585,191,7168,836,929,1243,970,997,1485,1805,390
"2020.09","취업자 (천명)",27012,5020,1645,1205,1562,751,785,565,186,6900,812,898,1205,951,982,1438,1729,380
"2020.09","실업자 (천명)",1000,220,62,38,72,28,29,20,5,268,23,30,38,20,15,47,76,9
"2020.09","비경제활동인구 (천명)",16817,3287,1239,845,912,497,471,379,99,4327,472,481,641,583,527,835,1048,174
"2020.09","경제활동참가율 (%)",62.5,61.4,57.9,59.5,64.2,61.1,63.3,60.6,65.7,62.4,63.9,65.9,66.0,62.5,65.4,64.0,63.3,69.1
"2020.09","실업률 (%)",3.6,4.2,3.6,3.0,4.4,3.6,3.6,3.4,2.5,3.7,2.8,3.3,3.1,2.0,1.5,3.2,4.2,2.4
"2020.09","고용률 (%)",60.3,58.9,55.8,57.7,61.3,58.8,61.1,58.6,64.1,60.0,62.1,63.7,63.9,61.2,64.5,62.0,60.6,67.5
"2020.09","15-64세 고용률 (%)",65.7,65.3,63.0,64.1,66.5,64.0,66.4,63.3,67.2,65.2,67.4,69.3,68.4,65.6,69.3,66.9,65.1,71.1
"2020.10","15세이상인구 (천명)",44852,8529,2945,2086,2546,1277,1285,964,291,11514,1308,1410,1885,1553,1523,2320,2853,564
"2020.10","경제활동인구 (천명)",28116,5290,1710,1253,1633,780,812,581,187,7195,839,920,1254,978,1001,1489,1808,389
"2020.10","취업자 (천명)",27088,5048,1651,1204,1561,749,790,560,184,6920,817,890,1220,956,988,1438,1735,381
"2020.10","실업자 (천명)",1028,242,59,49,72,31,22,21,3,276,22,30,33,22,13,51,73,8
"2020.10","비경제활동인구 (천명)",16736,3239,1235,833,914,497,473,383,104,4319,469,490,631,576,522,831,1045,175
"2020.10","경제활동참가율 (%)",62.7,62.0,58.1,60.0,64.1,61.1,63.2,60.3,64.2,62.5,64.1,65.2,66.5,62.9,65.7,64.2,63.4,68.9
"2020.10","실업률 (%)",3.7,4.6,3.5,3.9,4.4,4.0,2.7,3.7,1.8,3.8,2.7,3.3,2.7,2.2,1.3,3.4,4.0,2.1
"2020.10","고용률 (%)",60.4,59.2,56.1,57.7,61.3,58.7,61.5,58.1,63.0,60.1,62.4,63.1,64.7,61.6,64.9,62.0,60.8,67.5
"2020.10","15-64세 고용률 (%)",65.9,65.7,63.2,64.2,66.5,63.8,66.8,62.7,66.2,65.4,68.0,68.7,69.4,66.1,69.5,67.0,65.1,70.9
"2020.11","15세이상인구 (천명)",44884,8532,2945,2086,2548,1278,1285,964,293,11535,1309,1411,1886,1553,1522,2320,2854,565
"2020.11","경제활동인구 (천명)",28208,5321,1716,1258,1644,777,824,581,186,7232,829,924,1232,980,1002,1495,1811,396
"2020.11","취업자 (천명)",27241,5099,1662,1216,1574,744,796,562,183,6967,813,900,1192,966,985,1444,1747,391
"2020.11","실업자 (천명)",967,222,55,42,70,34,28,19,2,265,16,24,40,14,17,50,64,6
"2020.11","비경제활동인구 (천명)",16675,3212,1228,828,904,500,461,383,107,4304,480,487,654,573,520,825,1042,168
"2020.11","경제활동참가율 (%)",62.8,62.4,58.3,60.3,64.5,60.8,64.1,60.3,63.4,62.7,63.3,65.5,65.3,63.1,65.8,64.4,63.5,70.2
"2020.11","실업률 (%)",3.4,4.2,3.2,3.4,4.3,4.3,3.3,3.3,1.3,3.7,2.0,2.6,3.2,1.4,1.7,3.4,3.6,1.4
"2020.11","고용률 (%)",60.7,59.8,56.4,58.3,61.8,58.2,62.0,58.3,62.6,60.4,62.1,63.8,63.2,62.2,64.7,62.3,61.2,69.2
"2020.11","15-64세 고용률 (%)",66.3,66.3,63.5,65.0,67.5,63.1,67.3,63.1,66.0,65.8,67.8,69.7,67.9,67.1,69.3,67.2,65.8,72.8
"2020.12","15세이상인구 (천명)",44916,8536,2945,2086,2549,1278,1285,964,294,11557,1310,1411,1887,1553,1522,2320,2855,565
"2020.12","경제활동인구 (천명)",27661,5254,1703,1245,1619,781,808,580,183,7107,783,896,1172,951,984,1442,1764,388
"2020.12","취업자 (천명)",26526,5016,1635,1198,1533,751,779,555,179,6833,728,870,1132,917,953,1385,1684,379
"2020.12","실업자 (천명)",1135,239,68,47,86,30,29,26,4,274,56,26,40,34,31,57,80,9
"2020.12","비경제활동인구 (천명)",17255,3282,1242,840,930,497,477,384,111,4450,527,515,715,602,539,878,1090,177
"2020.12","경제활동참가율 (%)",61.6,61.6,57.8,59.7,63.5,61.1,62.9,60.2,62.2,61.5,59.8,63.5,62.1,61.3,64.6,62.2,61.8,68.6
"2020.12","실업률 (%)",4.1,4.5,4.0,3.8,5.3,3.8,3.6,4.4,2.2,3.9,7.1,2.9,3.4,3.6,3.1,4.0,4.5,2.3
"2020.12","고용률 (%)",59.1,58.8,55.5,57.5,60.1,58.8,60.6,57.5,60.8,59.1,55.5,61.6,60.0,59.1,62.6,59.7,59.0,67.1
"2020.12","15-64세 고용률 (%)",65.3,65.6,62.9,64.6,66.6,64.0,66.1,62.8,65.3,64.9,64.7,68.4,66.1,65.3,68.3,65.6,64.4,71.5
"2021.01","15세이상인구 (천명)",44968,8540,2948,2088,2550,1279,1286,964,294,11585,1313,1413,1889,1554,1523,2319,2856,566
"2021.01","경제활동인구 (천명)",27388,5234,1693,1229,1605,774,806,575,183,7075,760,867,1119,932,972,1419,1760,386
"2021.01","취업자 (천명)",25818,4893,1596,1159,1505,724,753,540,177,6711,693,831,1071,893,920,1334,1654,365
"2021.01","실업자 (천명)",1570,341,98,70,99,50,54,35,6,364,67,36,47,40,52,85,105,20
"2021.01","비경제활동인구 (천명)",17580,3307,1254,860,946,505,480,389,111,4509,553,546,770,622,551,901,1097,180
"2021.01","경제활동참가율 (%)",60.9,61.3,57.4,58.8,62.9,60.5,62.7,59.6,62.3,61.1,57.9,61.4,59.2,60.0,63.8,61.2,61.6,68.2
"2021.01","실업률 (%)",5.7,6.5,5.8,5.7,6.2,6.4,6.7,6.1,3.3,5.1,8.8,4.2,4.2,4.3,5.4,6.0,6.0,5.2
"2021.01","고용률 (%)",57.4,57.3,54.1,55.5,59.0,56.6,58.5,56.0,60.3,57.9,52.8,58.8,56.7,57.4,60.4,57.5,57.9,64.6
"2021.01","15-64세 고용률 (%)",64.3,64.6,62.2,62.9,66.1,63.2,64.9,61.7,65.4,64.1,62.6,66.9,64.3,64.7,67.4,64.2,63.6,70.2
"2021.02","15세이상인구 (천명)",44987,8540,2948,2089,2549,1280,1287,964,294,11604,1314,1413,1889,1555,1523,2317,2856,566
"2021.02","경제활동인구 (천명)",27718,5284,1687,1243,1619,773,795,577,186,7182,786,894,1154,950,982,1430,1784,392
"2021.02","취업자 (천명)",26365,4943,1616,1181,1539,739,758,550,180,6861,737,861,1110,928,951,1353,1681,377
"2021.02","실업자 (천명)",1353,341,70,63,79,34,37,26,6,321,49,33,45,22,31,77,103,15
"2021.02","비경제활동인구 (천명)",17269,3255,1262,846,931,507,492,387,108,4422,528,519,735,604,542,887,1072,174
"2021.02","경제활동참가율 (%)",61.6,61.9,57.2,59.5,63.5,60.4,61.8,59.8,63.2,61.9,59.8,63.3,61.1,61.1,64.5,61.7,62.5,69.2
"2021.02","실업률 (%)",4.9,6.5,4.2,5.1,4.9,4.4,4.7,4.6,3.2,4.5,6.3,3.7,3.9,2.3,3.1,5.4,5.8,3.9
"2021.02","고용률 (%)",58.6,57.9,54.8,56.5,60.4,57.7,58.9,57.1,61.3,59.1,56.1,60.9,58.7,59.7,62.5,58.4,58.8,66.5
"2021.02","15-64세 고용률 (%)",64.8,65.1,62.4,63.2,66.4,63.0,64.6,62.0,65.8,65.1,63.5,68.5,65.2,64.9,67.4,63.9,63.8,70.6
"2021.03","15세이상인구 (천명)",45007,8539,2949,2090,2549,1280,1287,963,294,11624,1314,1414,1889,1555,1524,2315,2855,566
"2021.03","경제활동인구 (천명)",28138,5333,1705,1271,1634,770,797,579,190,7304,827,910,1201,966,998,1452,1808,395
"2021.03","취업자 (천명)",26923,5045,1642,1212,1550,744,765,555,184,6979,803,885,1165,947,970,1383,1712,384
"2021.03","실업자 (천명)",1215,288,63,59,85,26,32,24,6,325,24,25,36,19,28,69,96,12
"2021.03","비경제활동인구 (천명)",16869,3206,1244,819,915,510,490,385,104,4320,488,504,689,589,526,863,1048,171
"2021.03","경제활동참가율 (%)",62.5,62.5,57.8,60.8,64.1,60.2,61.9,60.1,64.5,62.8,62.9,64.4,63.5,62.1,65.5,62.7,63.3,69.8
"2021.03","실업률 (%)",4.3,5.4,3.7,4.6,5.2,3.4,4.1,4.1,3.3,4.4,2.8,2.7,3.0,2.0,2.8,4.8,5.3,2.9
"2021.03","고용률 (%)",59.8,59.1,55.7,58.0,60.8,58.1,59.4,57.6,62.4,60.0,61.1,62.6,61.6,60.9,63.6,59.7,60.0,67.7
"2021.03","15-64세 고용률 (%)",65.7,66.2,63.0,64.8,66.8,63.0,64.8,62.3,65.9,65.8,66.2,69.1,66.7,65.8,68.1,64.5,64.6,71.3
"2021.04","15세이상인구 (천명)",45027,8538,2950,2091,2548,1280,1288,963,294,11644,1315,1414,1890,1555,1524,2313,2855,567
"2021.04","경제활동인구 (천명)",28361,5326,1721,1275,1647,779,809,571,192,7376,844,918,1236,971,1006,1468,1817,405
"2021.04","취업자 (천명)",27214,5057,1658,1217,1562,751,775,553,187,7062,818,897,1203,948,982,1408,1748,389
"2021.04","실업자 (천명)",1147,268,64,58,85,28,34,19,6,314,26,22,33,23,24,60,69,16
"2021.04","비경제활동인구 (천명)",16667,3212,1229,816,901,501,479,391,102,4268,472,496,655,584,518,845,1038,161
"2021.04","경제활동참가율 (%)",63.0,62.4,58.4,61.0,64.6,60.9,62.8,59.3,65.5,63.3,64.1,64.9,65.4,62.4,66.0,63.5,63.7,71.5
"2021.04","실업률 (%)",4.0,5.0,3.7,4.6,5.2,3.6,4.2,3.2,3.0,4.3,3.0,2.4,2.6,2.3,2.4,4.1,3.8,3.9
"2021.04","고용률 (%)",60.4,59.2,56.2,58.2,61.3,58.6,60.2,57.4,63.6,60.6,62.2,63.4,63.6,61.0,64.4,60.9,61.2,68.7
"2021.04","15-64세 고용률 (%)",66.2,66.3,63.8,65.3,67.3,63.3,65.4,62.1,66.5,66.3,67.0,69.6,68.4,65.4,68.6,65.0,65.8,72.4
"2021.05","15세이상인구 (천명)",45049,8538,2951,2091,2547,1280,1289,962,294,11664,1316,1415,1891,1556,1524,2311,2854,567
"2021.05","경제활동인구 (천명)",28698,5370,1732,1294,1667,783,815,579,192,7503,857,935,1255,982,1020,1480,1836,399
"2021.05","취업자 (천명)",27550,5088,1672,1235,1585,754,787,554,188,7179,836,911,1224,961,1001,1421,1766,387
"2021.05","실업자 (천명)",1148,282,60,58,82,29,28,26,4,324,21,24,31,21,19,59,70,12
"2021.05","비경제활동인구 (천명)",16351,3168,1219,798,880,498,474,383,102,4161,459,480,636,574,504,830,1019,168
"2021.05","경제활동참가율 (%)",63.7,62.9,58.7,61.9,65.5,61.1,63.2,60.2,65.3,64.3,65.1,66.1,66.4,63.1,67.0,64.1,64.3,70.3
"2021.05","실업률 (%)",4.0,5.2,3.4,4.5,4.9,3.6,3.4,4.4,1.8,4.3,2.5,2.6,2.5,2.1,1.9,4.0,3.8,3.0
"2021.05","고용률 (%)",61.2,59.6,56.7,59.1,62.2,58.9,61.1,57.5,64.1,61.5,63.5,64.4,64.7,61.8,65.7,61.5,61.9,68.2
"2021.05","15-64세 고용률 (%)",66.9,66.7,64.3,66.4,68.0,63.5,66.4,62.4,67.2,67.2,68.2,70.4,69.2,65.8,69.8,65.5,66.3,72.0
"2021.06","15세이상인구 (천명)",45068,8537,2952,2092,2546,1280,1289,962,294,11684,1317,1416,1891,1556,1524,2309,2854,567
"2021.06","경제활동인구 (천명)",28730,5379,1738,1285,1648,779,822,569,192,7525,867,935,1263,999,1022,1467,1843,399
"2021.06","취업자 (천명)",27637,5098,1680,1235,1578,750,799,550,189,7220,843,912,1224,977,1002,1421,1772,386
"2021.06","실업자 (천명)",1093,281,57,50,71,29,22,19,3,305,24,23,39,22,20,45,70,13
"2021.06","비경제활동인구 (천명)",16339,3158,1214,807,898,502,468,393,102,4159,450,480,628,557,502,842,1011,168
"2021.06","경제활동참가율 (%)",63.7,63.0,58.9,61.4,64.7,60.8,63.7,59.2,65.2,64.4,65.8,66.1,66.8,64.2,67.1,63.5,64.6,70.3
"2021.06","실업률 (%)",3.8,5.2,3.3,3.9,4.3,3.7,2.7,3.3,1.6,4.0,2.8,2.5,3.1,2.2,1.9,3.1,3.8,3.2
"2021.06","고용률 (%)",61.3,59.7,56.9,59.0,62.0,58.6,62.0,57.2,64.2,61.8,64.0,64.4,64.7,62.8,65.8,61.6,62.1,68.1
"2021.06","15-64세 고용률 (%)",67.1,66.9,64.6,66.3,67.6,63.3,67.5,62.1,67.5,67.5,68.8,70.5,69.0,66.9,70.1,65.4,66.7,71.9
"2021.07","15세이상인구 (천명)",45090,8534,2951,2092,2547,1281,1289,961,295,11704,1318,1417,1892,1556,1524,2309,2854,568
"2021.07","경제활동인구 (천명)",28568,5326,1740,1278,1633,780,812,571,192,7495,867,930,1254,990,1010,1474,1823,394
"2021.07","취업자 (천명)",27648,5087,1685,1235,1566,754,794,554,188,7261,844,906,1230,971,992,1438,1764,380
"2021.07","실업자 (천명)",920,239,54,44,67,27,18,17,4,234,22,25,24,19,18,36,59,14
"2021.07","비경제활동인구 (천명)",16522,3208,1211,813,914,500,477,390,103,4210,451,486,638,566,514,835,1031,174
"2021.07","경제활동참가율 (%)",63.4,62.4,59.0,61.1,64.1,60.9,63.0,59.4,65.2,64.0,65.8,65.7,66.3,63.6,66.3,63.8,63.9,69.4
"2021.07","실업률 (%)",3.2,4.5,3.1,3.4,4.1,3.4,2.2,2.9,2.1,3.1,2.6,2.6,1.9,1.9,1.8,2.4,3.2,3.6
"2021.07","고용률 (%)",61.3,59.6,57.1,59.0,61.5,58.9,61.6,57.7,63.8,62.0,64.1,63.9,65.0,62.4,65.1,62.3,61.8,66.9
"2021.07","15-64세 고용률 (%)",67.1,67.0,64.8,66.4,67.1,64.0,67.1,62.8,67.1,67.7,68.9,70.1,69.5,66.5,69.1,66.3,66.4,70.9
"2021.08","15세이상인구 (천명)",45104,8530,2950,2090,2547,1280,1289,961,296,11723,1318,1417,1893,1556,1524,2309,2853,568
"2021.08","경제활동인구 (천명)",28346,5263,1731,1263,1624,770,816,571,191,7439,861,930,1242,985,1014,1453,1809,388
"2021.08","취업자 (천명)",27603,5053,1691,1227,1578,751,801,558,188,7238,841,914,1228,969,1000,1432,1753,381
"2021.08","실업자 (천명)",744,210,39,36,46,19,15,13,2,201,19,16,14,16,13,21,56,7
"2021.08","비경제활동인구 (천명)",16758,3268,1219,828,923,510,473,390,106,4284,458,487,651,571,510,856,1044,180
"2021.08","경제활동참가율 (%)",62.8,61.7,58.7,60.4,63.7,60.2,63.3,59.4,64.4,63.5,65.3,65.6,65.6,63.3,66.5,62.9,63.4,68.3
"2021.08","실업률 (%)",2.6,4.0,2.3,2.8,2.8,2.5,1.9,2.2,1.3,2.7,2.2,1.7,1.1,1.6,1.3,1.5,3.1,1.9
"2021.08","고용률 (%)",61.2,59.2,57.3,58.7,61.9,58.7,62.1,58.1,63.6,61.7,63.8,64.5,64.9,62.3,65.6,62.0,61.4,67.0
"2021.08","15-64세 고용률 (%)",66.9,66.5,65.0,66.0,67.6,63.7,67.7,63.1,66.8,67.3,68.8,70.5,69.2,66.4,69.8,66.0,65.9,71.2
"2021.09","15세이상인구 (천명)",45124,8527,2949,2090,2548,1280,1289,960,298,11743,1319,1418,1894,1556,1524,2309,2853,569
"2021.09","경제활동인구 (천명)",28439,5282,1712,1264,1623,767,814,579,193,7502,855,926,1244,984,1024,1468,1816,387
"2021.09","취업자 (천명)",27683,5089,1669,1232,1581,749,797,563,190,7266,837,911,1234,970,1010,1447,1760,378
"2021.09","실업자 (천명)",756,192,43,32,42,18,18,16,3,236,18,15,10,14,14,21,56,9
"2021.09","비경제활동인구 (천명)",16685,3246,1237,826,924,514,474,381,105,4241,464,492,650,571,499,841,1038,182
"2021.09","경제활동참가율 (%)",63.0,61.9,58.1,60.5,63.7,59.9,63.2,60.3,64.8,63.9,64.8,65.3,65.7,63.3,67.2,63.6,63.6,68.0
"2021.09","실업률 (%)",2.7,3.6,2.5,2.5,2.6,2.4,2.2,2.8,1.3,3.1,2.0,1.6,0.8,1.4,1.4,1.4,3.1,2.3
"2021.09","고용률 (%)",61.3,59.7,56.6,59.0,62.1,58.5,61.8,58.6,63.9,61.9,63.5,64.2,65.2,62.4,66.3,62.7,61.7,66.5
"2021.09","15-64세 고용률 (%)",67.2,67.1,64.2,66.3,67.8,63.6,67.6,63.8,67.2,67.5,68.0,70.3,69.6,66.6,70.8,67.0,66.3,70.6
"2021.10","15세이상인구 (천명)",45148,8525,2948,2089,2549,1280,1289,960,299,11764,1320,1419,1896,1556,1524,2309,2854,570
"2021.10","경제활동인구 (천명)",28528,5298,1708,1260,1620,768,816,581,191,7532,865,938,1257,987,1028,1474,1812,393
"2021.10","취업자 (천명)",27741,5074,1664,1232,1579,750,795,564,188,7314,841,921,1239,972,1017,1450,1755,386
"2021.10","실업자 (천명)",788,224,44,28,41,18,21,17,2,218,24,17,19,15,12,25,56,7
"2021.10","비경제활동인구 (천명)",16620,3227,1240,829,929,512,473,379,108,4232,455,481,638,569,496,835,1042,177
"2021.10","경제활동참가율 (%)",63.2,62.1,58.0,60.3,63.6,60.0,63.3,60.6,63.7,64.0,65.5,66.1,66.3,63.5,67.5,63.9,63.5,69.0
"2021.10","실업률 (%)",2.8,4.2,2.6,2.2,2.5,2.3,2.6,3.0,1.3,2.9,2.8,1.8,1.5,1.5,1.1,1.7,3.1,1.9
"2021.10","고용률 (%)",61.4,59.5,56.5,59.0,61.9,58.6,61.7,58.8,62.9,62.2,63.7,64.9,65.4,62.5,66.7,62.8,61.5,67.7
"2021.10","15-64세 고용률 (%)",67.3,66.9,63.9,66.3,67.9,63.7,67.5,64.1,66.1,67.8,68.4,71.1,69.7,66.9,71.3,66.9,66.1,71.7
"2021.11","15세이상인구 (천명)",45181,8524,2948,2089,2550,1281,1289,959,300,11788,1321,1420,1897,1556,1524,2310,2855,571
"2021.11","경제활동인구 (천명)",28528,5324,1711,1259,1621,762,824,578,188,7582,859,934,1235,979,1019,1461,1796,400
"2021.11","취업자 (천명)",27795,5105,1669,1232,1591,743,803,564,185,7375,843,917,1219,970,1008,1437,1743,393
"2021.11","실업자 (천명)",734,219,42,27,30,19,21,14,2,207,16,17,15,10,12,24,53,7
"2021.11","비경제활동인구 (천명)",16653,3200,1237,830,930,519,465,382,113,4206,462,487,663,577,505,849,1059,171
"2021.11","경제활동참가율 (%)",63.1,62.5,58.0,60.3,63.5,59.5,63.9,60.2,62.5,64.3,65.0,65.7,65.1,62.9,66.9,63.2,62.9,70.1
"2021.11","실업률 (%)",2.6,4.1,2.4,2.1,1.8,2.5,2.5,2.4,1.3,2.7,1.9,1.8,1.2,1.0,1.1,1.6,3.0,1.8
"2021.11","고용률 (%)",61.5,59.9,56.6,59.0,62.4,58.0,62.3,58.8,61.7,62.6,63.8,64.6,64.3,62.3,66.1,62.2,61.1,68.9
"2021.11","15-64세 고용률 (%)",67.5,67.3,64.2,66.2,68.5,63.2,68.7,64.1,65.1,68.3,69.0,70.8,69.4,67.0,71.1,67.0,65.8,72.9
"2021.12","15세이상인구 (천명)",45206,8522,2947,2088,2551,1281,1289,959,302,11809,1322,1421,1899,1556,1524,2310,2855,571
"2021.12","경제활동인구 (천명)",28278,5328,1703,1254,1604,762,811,574,184,7546,829,924,1189,961,1004,1438,1762,406
"2021.12","취업자 (천명)",27298,5127,1644,1211,1542,728,789,551,180,7329,776,903,1169,924,964,1397,1674,389
"2021.12","실업자 (천명)",979,201,59,43,63,34,22,23,3,217,53,21,20,37,40,41,87,17
"2021.12","비경제활동인구 (천명)",16929,3194,1244,835,947,519,478,385,118,4263,493,498,710,595,520,872,1093,165
"2021.12","경제활동참가율 (%)",62.6,62.5,57.8,60.0,62.9,59.5,62.9,59.9,60.8,63.9,62.7,65.0,62.6,61.8,65.9,62.3,61.7,71.1
"2021.12","실업률 (%)",3.5,3.8,3.5,3.5,3.9,4.4,2.7,3.9,1.7,2.9,6.4,2.2,1.7,3.8,4.0,2.8,5.0,4.1
"2021.12","고용률 (%)",60.4,60.2,55.8,58.0,60.4,56.9,61.2,57.5,59.8,62.1,58.7,63.5,61.6,59.4,63.2,60.5,58.6,68.1
"2021.12","15-64세 고용률 (%)",67.3,68.0,63.9,66.2,67.9,63.4,68.0,64.1,63.7,68.3,67.1,70.3,68.0,66.1,70.0,66.8,64.1,73.7
"2022.01","15세이상인구 (천명)",45200,8516,2949,2088,2555,1281,1288,960,301,11805,1317,1422,1898,1556,1524,2316,2853,571
"2022.01","경제활동인구 (천명)",28096,5277,1698,1254,1608,762,813,571,185,7533,772,914,1156,958,1003,1431,1761,402
"2022.01","취업자 (천명)",26953,5026,1624,1205,1528,730,780,548,180,7287,724,879,1123,923,964,1369,1674,389
"2022.01","실업자 (천명)",1143,250,75,49,80,32,33,24,5,246,49,34,33,36,38,61,87,13
"2022.01","비경제활동인구 (천명)",17104,3239,1251,834,948,519,476,389,116,4272,545,508,742,598,522,885,1092,169
"2022.01","경제활동참가율 (%)",62.2,62.0,57.6,60.1,62.9,59.5,63.1,59.5,61.4,63.8,58.6,64.2,60.9,61.6,65.8,61.8,61.7,70.4
"2022.01","실업률 (%)",4.1,4.7,4.4,3.9,5.0,4.2,4.0,4.1,2.5,3.3,6.3,3.8,2.9,3.7,3.8,4.3,5.0,3.2
"2022.01","고용률 (%)",59.6,59.0,55.1,57.7,59.8,57.0,60.5,57.0,59.9,61.7,55.0,61.8,59.2,59.3,63.3,59.1,58.7,68.1
"2022.01","15-64세 고용률 (%)",67.0,67.2,64.0,66.0,67.3,63.1,67.6,63.2,64.4,68.5,65.0,69.7,66.4,65.6,69.6,66.1,64.9,73.8
"2022.02","15세이상인구 (천명)",45213,8503,2947,2085,2559,1280,1288,959,303,11822,1318,1423,1900,1556,1525,2319,2853,572
"2022.02","경제활동인구 (천명)",28356,5305,1712,1255,1633,769,812,570,191,7637,806,923,1164,958,1008,1447,1764,401
"2022.02","취업자 (천명)",27402,5075,1659,1214,1576,740,786,547,186,7408,773,892,1130,933,985,1399,1709,392
"2022.02","실업자 (천명)",954,230,53,41,57,29,27,23,5,229,33,31,34,25,23,48,55,9
"2022.02","비경제활동인구 (천명)",16857,3197,1235,830,926,511,476,389,111,4185,512,500,737,598,517,872,1090,171
"2022.02","경제활동참가율 (%)",62.7,62.4,58.1,60.2,63.8,60.1,63.1,59.4,63.2,64.6,61.2,64.9,61.2,61.6,66.1,62.4,61.8,70.1
"2022.02","실업률 (%)",3.4,4.3,3.1,3.2,3.5,3.8,3.3,4.1,2.7,3.0,4.1,3.4,2.9,2.6,2.3,3.3,3.1,2.3
"2022.02","고용률 (%)",60.6,59.7,56.3,58.2,61.6,57.8,61.0,57.0,61.5,62.7,58.7,62.7,59.4,60.0,64.6,60.3,59.9,68.5
"2022.02","15-64세 고용률 (%)",67.4,67.6,64.5,66.2,68.3,63.2,67.5,62.6,65.8,69.2,65.2,69.8,66.5,65.1,69.7,66.0,65.5,72.9
"2022.03","15세이상인구 (천명)",45219,8489,2945,2082,2562,1280,1288,958,304,11838,1319,1424,1902,1557,1525,2322,2853,573
"2022.03","경제활동인구 (천명)",28627,5295,1700,1261,1631,778,806,576,198,7684,828,943,1233,971,1023,1484,1811,405
"2022.03","취업자 (천명)",27754,5078,1655,1226,1581,750,785,557,194,7483,796,918,1197,947,994,1446,1750,397
"2022.03","실업자 (천명)",873,218,45,35,50,28,22,19,5,201,32,24,36,24,28,38,60,8
"2022.03","비경제활동인구 (천명)",16592,3194,1245,822,932,502,482,382,106,4154,491,481,669,586,502,838,1042,167
"2022.03","경제활동참가율 (%)",63.3,62.4,57.7,60.5,63.6,60.8,62.6,60.1,65.2,64.9,62.8,66.2,64.8,62.4,67.1,63.9,63.5,70.8
"2022.03","실업률 (%)",3.0,4.1,2.6,2.8,3.1,3.6,2.7,3.2,2.4,2.6,3.9,2.6,2.9,2.5,2.8,2.6,3.3,2.0
"2022.03","고용률 (%)",61.4,59.8,56.2,58.9,61.7,58.6,60.9,58.2,63.7,63.2,60.4,64.5,62.9,60.8,65.2,62.3,61.3,69.4
"2022.03","15-64세 고용률 (%)",67.8,67.6,64.0,66.7,68.4,64.1,67.2,63.6,67.3,69.5,66.2,71.0,68.4,65.5,70.1,67.6,66.9,73.5
"2022.04","15세이상인구 (천명)",45233,8477,2943,2080,2566,1279,1288,957,306,11856,1320,1425,1904,1557,1525,2325,2853,573
"2022.04","경제활동인구 (천명)",28942,5326,1707,1266,1645,767,805,583,199,7820,848,953,1250,1001,1039,1507,1825,402
"2022.04","취업자 (천명)",28078,5120,1664,1226,1590,744,787,561,196,7601,826,928,1221,976,1013,1471,1763,393
"2022.04","실업자 (천명)",864,206,43,40,55,22,18,22,4,219,22,25,29,25,26,36,62,9
"2022.04","비경제활동인구 (천명)",16291,3151,1236,814,922,513,483,374,107,4036,472,471,654,556,486,818,1029,172
"2022.04","경제활동참가율 (%)",64.0,62.8,58.0,60.8,64.1,59.9,62.5,60.9,65.2,66.0,64.3,66.9,65.7,64.3,68.1,64.8,63.9,70.1
"2022.04","실업률 (%)",3.0,3.9,2.5,3.2,3.3,2.9,2.3,3.7,1.8,2.8,2.6,2.6,2.4,2.5,2.5,2.4,3.4,2.2
"2022.04","고용률 (%)",62.1,60.4,56.5,58.9,62.0,58.2,61.1,58.6,64.0,64.1,62.6,65.2,64.1,62.7,66.4,63.3,61.8,68.5
"2022.04","15-64세 고용률 (%)",68.4,68.4,64.3,66.6,68.6,63.4,67.3,64.0,67.4,70.2,67.8,71.1,69.0,66.8,70.9,68.4,67.0,72.7
"2022.05","15세이상인구 (천명)",45245,8464,2941,2077,2570,1279,1288,956,308,11873,1321,1426,1906,1557,1526,2328,2853,574
"2022.05","경제활동인구 (천명)",29374,5331,1742,1285,1684,774,812,593,205,7984,864,971,1285,1014,1054,1539,1835,403
"2022.05","취업자 (천명)",28485,5145,1691,1241,1620,752,793,573,201,7737,843,942,1249,991,1037,1505,1768,395
"2022.05","실업자 (천명)",889,186,51,44,64,21,18,21,5,247,20,28,36,23,17,34,67,8
"2022.05","비경제활동인구 (천명)",15871,3133,1199,792,886,506,476,363,102,3889,458,455,621,543,472,789,1018,171
"2022.05","경제활동참가율 (%)",64.9,63.0,59.2,61.9,65.5,60.5,63.0,62.1,66.8,67.2,65.4,68.1,67.4,65.1,69.1,66.1,64.3,70.3
"2022.05","실업률 (%)",3.0,3.5,2.9,3.4,3.8,2.7,2.2,3.5,2.2,3.1,2.4,2.9,2.8,2.3,1.6,2.2,3.7,1.9
"2022.05","고용률 (%)",63.0,60.8,57.5,59.7,63.0,58.8,61.6,59.9,65.3,65.2,63.8,66.1,65.5,63.6,67.9,64.7,62.0,68.9
"2022.05","15-64세 고용률 (%)",69.2,68.9,65.7,67.4,69.7,64.0,67.6,65.2,68.7,71.0,69.0,71.8,69.8,67.8,72.5,69.7,67.0,72.9
"2022.06","15세이상인구 (천명)",45249,8450,2938,2074,2573,1278,1288,955,309,11888,1321,1426,1908,1557,1526,2330,2853,574
"2022.06","경제활동인구 (천명)",29366,5320,1746,1267,1692,772,808,592,207,7996,866,974,1292,1017,1042,1530,1835,410
"2022.06","취업자 (천명)",28478,5137,1687,1231,1632,750,787,572,201,7755,845,948,1251,990,1021,1501,1767,402
"2022.06","실업자 (천명)",888,183,59,35,59,22,22,20,6,241,21,25,40,27,21,29,68,8
"2022.06","비경제활동인구 (천명)",15882,3130,1192,807,881,506,479,363,102,3892,455,453,616,541,484,800,1018,164
"2022.06","경제활동참가율 (%)",64.9,63.0,59.4,61.1,65.7,60.4,62.8,62.0,66.9,67.3,65.6,68.3,67.7,65.3,68.3,65.7,64.3,71.4
"2022.06","실업률 (%)",3.0,3.4,3.4,2.8,3.5,2.8,2.7,3.4,2.7,3.0,2.5,2.6,3.1,2.6,2.0,1.9,3.7,2.0
"2022.06","고용률 (%)",62.9,60.8,57.4,59.4,63.4,58.7,61.1,59.9,65.2,65.2,63.9,66.5,65.6,63.6,66.9,64.4,61.9,70.0
"2022.06","15-64세 고용률 (%)",69.1,68.8,65.5,67.0,70.1,64.2,66.9,65.0,68.4,71.0,69.0,72.2,69.8,67.7,71.4,69.3,67.0,74.4
"2022.07","15세이상인구 (천명)",45258,8449,2937,2073,2577,1278,1288,955,311,11896,1322,1427,1909,1557,1525,2329,2851,575
"2022.07","경제활동인구 (천명)",29311,5316,1747,1276,1695,777,813,591,206,7965,867,964,1294,1022,1034,1517,1819,409
"2022.07","취업자 (천명)",28475,5142,1689,1241,1639,754,793,572,201,7733,849,939,1264,1005,1011,1489,1753,401
"2022.07","실업자 (천명)",836,174,57,35,56,23,19,19,5,232,19,26,30,17,23,28,66,8
"2022.07","비경제활동인구 (천명)",15947,3132,1190,797,882,502,475,364,105,3931,455,463,615,535,491,812,1032,166
"2022.07","경제활동참가율 (%)",64.8,62.9,59.5,61.5,65.8,60.8,63.1,61.9,66.3,67.0,65.6,67.6,67.8,65.6,67.8,65.1,63.8,71.2
"2022.07","실업률 (%)",2.9,3.3,3.3,2.8,3.3,2.9,2.4,3.2,2.3,2.9,2.1,2.7,2.3,1.7,2.2,1.8,3.6,2.0
"2022.07","고용률 (%)",62.9,60.9,57.5,59.8,63.6,59.0,61.6,59.9,64.7,65.0,64.2,65.8,66.2,64.5,66.3,63.9,61.5,69.8
"2022.07","15-64세 고용률 (%)",69.1,68.9,65.8,67.6,70.1,64.6,67.8,65.5,68.4,70.8,69.0,71.8,70.9,68.6,70.4,68.5,66.5,74.5
"2022.08","15세이상인구 (천명)",45270,8448,2936,2073,2580,1279,1288,955,312,11905,1324,1428,1910,1556,1525,2328,2850,575
"2022.08","경제활동인구 (천명)",29025,5250,1744,1265,1678,768,816,586,205,7858,865,955,1284,1001,1039,1513,1788,411
"2022.08","취업자 (천명)",28410,5127,1703,1238,1634,754,801,573,202,7682,847,941,1268,984,1021,1491,1741,405
"2022.08","실업자 (천명)",615,123,41,27,44,14,15,14,3,175,18,14,16,17,17,22,47,6
"2022.08","비경제활동인구 (천명)",16246,3198,1192,808,902,510,472,368,107,4047,459,473,626,555,486,816,1062,165
"2022.08","경제활동참가율 (%)",64.1,62.1,59.4,61.0,65.0,60.1,63.4,61.4,65.8,66.0,65.3,66.9,67.2,64.3,68.1,65.0,62.7,71.4
"2022.08","실업률 (%)",2.1,2.3,2.3,2.2,2.6,1.8,1.8,2.4,1.7,2.2,2.1,1.5,1.3,1.7,1.7,1.4,2.6,1.5
"2022.08","고용률 (%)",62.8,60.7,58.0,59.7,63.3,59.0,62.2,60.0,64.7,64.5,64.0,65.9,66.4,63.2,67.0,64.0,61.1,70.3
"2022.08","15-64세 고용률 (%)",68.9,68.7,66.2,67.4,69.8,64.5,68.4,65.2,68.1,70.3,68.5,71.8,70.8,67.2,71.4,68.6,66.0,74.9
"2022.09","15세이상인구 (천명)",45284,8447,2935,2073,2584,1279,1288,955,313,11914,1325,1429,1911,1556,1524,2327,2849,576
"2022.09","경제활동인구 (천명)",29093,5280,1743,1270,1690,773,813,587,205,7850,869,956,1297,1001,1046,1509,1790,415
"2022.09","취업자 (천명)",28389,5130,1697,1238,1643,755,798,572,202,7665,849,935,1271,985,1030,1476,1740,406
"2022.09","실업자 (천명)",704,150,46,32,47,18,16,15,3,185,21,21,27,16,16,33,50,9
"2022.09","비경제활동인구 (천명)",16191,3168,1192,803,894,506,475,368,108,4064,455,472,614,555,478,818,1059,161
"2022.09","경제활동참가율 (%)",64.2,62.5,59.4,61.3,65.4,60.4,63.2,61.5,65.4,65.9,65.6,66.9,67.9,64.3,68.6,64.8,62.8,72.0
"2022.09","실업률 (%)",2.4,2.8,2.6,2.5,2.8,2.3,2.0,2.6,1.7,2.4,2.4,2.2,2.1,1.6,1.5,2.2,2.8,2.1
"2022.09","고용률 (%)",62.7,60.7,57.8,59.7,63.6,59.0,61.9,59.9,64.3,64.3,64.1,65.4,66.5,63.3,67.6,63.4,61.1,70.5
"2022.09","15-64세 고용률 (%)",68.9,68.7,66.1,67.2,70.1,64.7,68.0,65.3,67.6,70.2,69.0,71.0,70.9,67.4,72.2,68.3,66.3,75.1
"2022.10","15세이상인구 (천명)",45302,8447,2934,2072,2588,1279,1288,955,315,11925,1326,1430,1913,1556,1524,2327,2848,576
"2022.10","경제활동인구 (천명)",29110,5268,1741,1263,1687,780,819,590,205,7843,868,956,1304,1000,1040,1528,1795,423
"2022.10","취업자 (천명)",28418,5107,1691,1234,1645,762,807,573,202,7658,847,942,1283,985,1026,1493,1748,416
"2022.10","실업자 (천명)",692,161,49,30,41,18,12,17,3,185,21,15,21,15,14,35,47,7
"2022.10","비경제활동인구 (천명)",16192,3180,1193,809,901,499,470,365,110,4082,458,473,609,556,484,799,1052,153
"2022.10","경제활동참가율 (%)",64.3,62.4,59.3,61.0,65.2,61.0,63.6,61.8,65.2,65.8,65.5,66.9,68.2,64.3,68.2,65.6,63.0,73.5
"2022.10","실업률 (%)",2.4,3.1,2.8,2.3,2.5,2.3,1.4,2.9,1.5,2.4,2.4,1.5,1.6,1.5,1.4,2.3,2.6,1.7
"2022.10","고용률 (%)",62.7,60.5,57.7,59.5,63.6,59.6,62.6,60.0,64.2,64.2,63.9,65.9,67.1,63.3,67.3,64.2,61.4,72.2
"2022.10","15-64세 고용률 (%)",68.9,68.4,65.9,67.0,69.9,65.2,69.0,65.5,67.4,70.0,69.0,71.6,71.8,67.2,72.2,69.0,66.4,76.7
"2022.11","15세이상인구 (천명)",45318,8447,2933,2072,2592,1279,1289,955,316,11935,1328,1431,1914,1556,1524,2326,2847,577
"2022.11","경제활동인구 (천명)",29087,5286,1741,1258,1705,780,818,588,206,7825,860,954,1288,995,1043,1514,1802,424
"2022.11","취업자 (천명)",28421,5139,1696,1230,1655,764,804,576,204,7630,841,941,1267,981,1034,1484,1760,416
"2022.11","실업자 (천명)",666,147,45,28,50,16,14,12,2,195,19,13,21,14,9,30,42,9
"2022.11","비경제활동인구 (천명)",16231,3161,1192,815,887,499,470,367,111,4109,468,477,626,561,480,812,1045,152
"2022.11","경제활동참가율 (%)",64.2,62.6,59.4,60.7,65.8,61.0,63.5,61.6,65.0,65.6,64.8,66.7,67.3,64.0,68.5,65.1,63.3,73.6
"2022.11","실업률 (%)",2.3,2.8,2.6,2.2,2.9,2.1,1.7,2.1,0.9,2.5,2.2,1.4,1.7,1.4,0.9,2.0,2.3,2.0
"2022.11","고용률 (%)",62.7,60.8,57.8,59.3,63.9,59.7,62.4,60.3,64.4,63.9,63.3,65.7,66.2,63.1,67.9,63.8,61.8,72.1
"2022.11","15-64세 고용률 (%)",69.0,68.8,66.1,66.7,70.3,65.3,68.9,65.9,68.0,69.8,68.5,71.8,71.1,67.1,73.0,68.6,67.2,76.7
"2022.12","15세이상인구 (천명)",45332,8447,2932,2072,2595,1280,1289,955,318,11944,1329,1431,1915,1555,1523,2325,2846,577
"2022.12","경제활동인구 (천명)",28674,5281,1740,1263,1689,770,820,584,204,7708,820,928,1209,966,1032,1469,1772,420
"2022.12","취업자 (천명)",27808,5135,1689,1213,1622,745,802,564,201,7529,773,906,1185,918,989,1416,1713,408
"2022.12","실업자 (천명)",866,146,52,50,67,25,17,20,3,180,47,22,24,48,43,53,59,12
"2022.12","비경제활동인구 (천명)",16658,3166,1191,809,907,510,469,370,114,4236,508,504,706,589,491,856,1074,157
"2022.12","경제활동참가율 (%)",63.3,62.5,59.4,60.9,65.1,60.1,63.6,61.2,64.1,64.5,61.7,64.8,63.1,62.1,67.7,63.2,62.3,72.8
"2022.12","실업률 (%)",3.0,2.8,3.0,3.9,3.9,3.2,2.1,3.4,1.6,2.3,5.7,2.4,2.0,4.9,4.1,3.6,3.3,2.8
"2022.12","고용률 (%)",61.3,60.8,57.6,58.5,62.5,58.2,62.3,59.1,63.1,63.0,58.2,63.3,61.9,59.0,65.0,60.9,60.2,70.7
"2022.12","15-64세 고용률 (%)",68.5,69.0,66.5,66.9,70.0,65.1,69.0,65.6,67.3,69.3,66.9,69.9,68.9,65.8,71.6,67.8,66.5,75.5
"2023.01","15세이상인구 (천명)",45352,8454,2935,2075,2600,1280,1290,957,319,11939,1325,1431,1918,1556,1525,2322,2848,578
"2023.01","경제활동인구 (천명)",28387,5235,1737,1250,1675,773,816,585,204,7626,798,911,1190,960,1023,1438,1763,404
"2023.01","취업자 (천명)",27363,5057,1677,1196,1597,753,789,559,200,7403,741,875,1151,929,980,1386,1680,391
"2023.01","실업자 (천명)",1024,178,60,54,77,20,27,26,5,222,58,36,39,30,43,52,83,12
"2023.01","비경제활동인구 (천명)",16965,3219,1198,824,926,507,475,372,114,4314,527,520,728,596,502,884,1085,174
"2023.01","경제활동참가율 (%)",62.6,61.9,59.2,60.3,64.4,60.4,63.2,61.2,64.1,63.9,60.3,63.6,62.0,61.7,67.1,61.9,61.9,69.9
"2023.01","실업률 (%)",3.6,3.4,3.5,4.3,4.6,2.6,3.3,4.4,2.3,2.9,7.3,4.0,3.3,3.2,4.2,3.6,4.7,3.1
"2023.01","고용률 (%)",60.3,59.8,57.1,57.6,61.4,58.8,61.2,58.5,62.6,62.0,55.9,61.1,60.0,59.7,64.2,59.7,59.0,67.7
"2023.01","15-64세 고용률 (%)",67.8,68.3,66.5,66.5,68.6,65.1,67.8,64.6,67.0,69.0,65.6,68.8,67.6,66.0,71.2,66.1,65.8,73.1
"2023.02","15세이상인구 (천명)",45355,8458,2934,2075,2605,1280,1291,957,319,11939,1325,1432,1919,1555,1524,2320,2846,578
"2023.02","경제활동인구 (천명)",28604,5238,1720,1272,1690,776,824,583,207,7684,815,934,1205,984,1033,1469,1770,401
"2023.02","취업자 (천명)",27714,5089,1663,1222,1619,759,799,562,201,7455,786,905,1162,963,1003,1428,1707,391
"2023.02","실업자 (천명)",890,150,57,50,71,17,25,21,5,229,29,29,43,21,30,41,63,10
"2023.02","비경제활동인구 (천명)",16751,3220,1214,803,915,504,467,373,113,4255,510,498,714,571,492,851,1076,177
"2023.02","경제활동참가율 (%)",63.1,61.9,58.6,61.3,64.9,60.6,63.9,61.0,64.7,64.4,61.5,65.2,62.8,63.3,67.8,63.3,62.2,69.3
"2023.02","실업률 (%)",3.1,2.9,3.3,3.9,4.2,2.2,3.0,3.7,2.5,3.0,3.5,3.1,3.6,2.2,2.9,2.8,3.6,2.4
"2023.02","고용률 (%)",61.1,60.2,56.7,58.9,62.1,59.3,61.9,58.8,63.0,62.4,59.3,63.2,60.6,61.9,65.8,61.6,60.0,67.6
"2023.02","15-64세 고용률 (%)",68.0,68.3,65.1,66.8,68.7,65.2,68.2,64.6,66.9,69.2,66.0,69.8,67.6,66.9,71.5,66.8,66.0,72.8
"2023.03","15세이상인구 (천명)",45367,8462,2933,2075,2609,1280,1291,957,320,11941,1326,1433,1920,1555,1524,2318,2844,578
"2023.03","경제활동인구 (천명)",29063,5293,1751,1284,1699,786,820,594,212,7772,858,971,1257,1000,1049,1502,1809,404
"2023.03","취업자 (천명)",28223,5144,1698,1241,1622,766,795,570,207,7570,833,945,1223,969,1027,1464,1758,393
"2023.03","실업자 (천명)",840,150,53,43,77,21,25,23,5,203,26,26,35,31,22,39,51,11
"2023.03","비경제활동인구 (천명)",16304,3169,1182,791,910,494,471,363,109,4169,468,461,663,555,475,816,1035,174
"2023.03","경제활동참가율 (%)",64.1,62.6,59.7,61.9,65.1,61.4,63.5,62.1,66.1,65.1,64.7,67.8,65.5,64.3,68.8,64.8,63.6,69.9
"2023.03","실업률 (%)",2.9,2.8,3.0,3.3,4.6,2.6,3.1,3.9,2.1,2.6,3.0,2.7,2.8,3.1,2.1,2.6,2.8,2.7
"2023.03","고용률 (%)",62.2,60.8,57.9,59.8,62.2,59.8,61.6,59.6,64.7,63.4,62.8,66.0,63.7,62.3,67.4,63.1,61.8,68.0
"2023.03","15-64세 고용률 (%)",68.7,68.9,66.3,67.4,68.5,65.6,67.5,65.3,67.8,69.5,68.7,72.1,68.8,66.5,72.3,68.2,67.6,73.1
"2023.04","15세이상인구 (천명)",45372,8466,2932,2075,2613,1280,1292,957,321,11941,1327,1433,1922,1554,1524,2316,2842,579
"2023.04","경제활동인구 (천명)",29236,5294,1755,1281,1704,793,816,592,214,7821,883,969,1290,1012,1056,1533,1817,407
"2023.04","취업자 (천명)",28432,5147,1695,1236,1647,770,795,572,210,7610,861,949,1255,980,1035,1492,1781,398
"2023.04","실업자 (천명)",804,147,60,45,57,22,21,20,5,211,22,20,36,32,21,41,36,9
"2023.04","비경제활동인구 (천명)",16135,3172,1177,794,909,487,476,365,107,4121,444,464,631,542,468,783,1025,172
"2023.04","경제활동참가율 (%)",64.4,62.5,59.9,61.7,65.2,61.9,63.2,61.9,66.7,65.5,66.6,67.6,67.1,65.1,69.3,66.2,63.9,70.4
"2023.04","실업률 (%)",2.8,2.8,3.4,3.5,3.3,2.8,2.6,3.4,2.1,2.7,2.5,2.1,2.8,3.2,2.0,2.6,2.0,2.3
"2023.04","고용률 (%)",62.7,60.8,57.8,59.6,63.0,60.2,61.5,59.7,65.3,63.7,64.9,66.2,65.3,63.1,67.9,64.4,62.7,68.7
"2023.04","15-64세 고용률 (%)",69.0,68.9,66.2,67.2,69.4,65.8,67.5,65.2,68.2,69.8,70.5,72.2,69.6,67.0,72.9,69.1,68.7,73.8
"2023.05","15세이상인구 (천명)",45379,8470,2931,2075,2618,1279,1292,957,322,11942,1327,1434,1923,1553,1523,2314,2840,579
"2023.05","경제활동인구 (천명)",29623,5364,1761,1323,1722,784,825,596,217,7970,895,975,1314,1024,1061,1544,1838,409
"2023.05","취업자 (천명)",28835,5220,1700,1284,1669,766,801,574,212,7752,878,955,1281,997,1046,1504,1795,402
"2023.05","실업자 (천명)",787,144,61,38,53,18,24,22,5,219,17,20,33,27,15,40,43,8
"2023.05","비경제활동인구 (천명)",15756,3106,1170,753,896,495,467,361,105,3972,432,459,609,529,462,770,1002,170
"2023.05","경제활동참가율 (%)",65.3,63.3,60.1,63.7,65.8,61.3,63.8,62.3,67.4,66.7,67.4,68.0,68.3,65.9,69.7,66.7,64.7,70.7
"2023.05","실업률 (%)",2.7,2.7,3.5,2.9,3.1,2.3,3.0,3.6,2.3,2.7,1.9,2.1,2.5,2.7,1.4,2.6,2.3,1.9
"2023.05","고용률 (%)",63.5,61.6,58.0,61.9,63.8,59.9,62.0,60.1,65.8,64.9,66.2,66.6,66.6,64.2,68.7,65.0,63.2,69.4
"2023.05","15-64세 고용률 (%)",69.9,69.8,66.4,69.9,70.1,65.1,68.0,65.9,68.8,71.0,71.8,72.6,70.6,68.0,73.4,69.6,69.2,74.3
"2023.06","15세이상인구 (천명)",45383,8473,2930,2075,2622,1279,1292,956,323,11942,1327,1434,1924,1553,1523,2311,2838,580
"2023.06","경제활동인구 (천명)",29618,5373,1755,1313,1723,794,829,597,219,7943,895,978,1325,1019,1056,1537,1852,412
"2023.06","취업자 (천명)",28812,5220,1695,1276,1674,774,804,577,213,7722,875,954,1299,993,1041,1493,1801,403
"2023.06","실업자 (천명)",807,153,60,37,49,20,25,20,6,221,19,24,26,27,15,44,51,9
"2023.06","비경제활동인구 (천명)",15765,3101,1175,762,899,485,463,359,104,3999,433,456,600,533,467,775,986,168
"2023.06","경제활동참가율 (%)",65.3,63.4,59.9,63.3,65.7,62.1,64.2,62.4,67.8,66.5,67.4,68.2,68.8,65.7,69.3,66.5,65.3,71.0
"2023.06","실업률 (%)",2.7,2.8,3.4,2.8,2.8,2.5,3.1,3.3,2.7,2.8,2.2,2.5,2.0,2.6,1.4,2.8,2.8,2.1
"2023.06","고용률 (%)",63.5,61.6,57.8,61.5,63.8,60.5,62.2,60.4,66.0,64.7,65.9,66.5,67.5,63.9,68.3,64.6,63.5,69.5
"2023.06","15-64세 고용률 (%)",69.9,70.0,66.5,69.2,70.2,65.8,68.3,66.2,68.8,70.9,71.4,72.2,71.3,67.7,73.0,69.0,69.7,74.4
"2023.07","15세이상인구 (천명)",45399,8473,2929,2096,2625,1279,1293,956,323,11953,1328,1435,1926,1553,1523,2290,2838,580
"2023.07","경제활동인구 (천명)",29493,5341,1756,1313,1730,793,815,593,216,7957,890,973,1306,1023,1052,1505,1822,409
"2023.07","취업자 (천명)",28686,5178,1704,1278,1681,775,788,575,211,7731,867,948,1274,1000,1030,1466,1779,403
"2023.07","실업자 (천명)",807,163,52,35,50,18,27,18,5,226,23,25,32,23,23,39,43,6
"2023.07","비경제활동인구 (천명)",15907,3132,1174,783,895,487,478,364,107,3996,438,462,620,529,470,786,1016,171
"2023.07","경제활동참가율 (%)",65.0,63.0,59.9,62.7,65.9,62.0,63.0,62.0,66.9,66.6,67.0,67.8,67.8,65.9,69.1,65.7,64.2,70.5
"2023.07","실업률 (%)",2.7,3.0,2.9,2.7,2.9,2.3,3.3,3.0,2.5,2.8,2.6,2.5,2.4,2.3,2.2,2.6,2.3,1.4
"2023.07","고용률 (%)",63.2,61.1,58.2,61.0,64.0,60.5,60.9,60.1,65.2,64.7,65.3,66.1,66.2,64.4,67.6,64.0,62.7,69.5
"2023.07","15-64세 고용률 (%)",69.6,69.5,67.0,68.8,70.2,65.7,66.9,66.0,68.0,70.9,70.4,71.5,70.4,68.2,72.1,68.6,69.0,74.8
"2023.08","15세이상인구 (천명)",45415,8473,2929,2096,2629,1279,1294,956,323,11963,1328,1435,1928,1552,1522,2290,2837,580
"2023.08","경제활동인구 (천명)",29251,5311,1740,1288,1726,785,815,583,215,7899,881,962,1305,1020,1039,1485,1786,411
"2023.08","취업자 (천명)",28678,5203,1700,1258,1687,770,798,570,212,7726,871,951,1279,1003,1022,1457,1765,406
"2023.08","실업자 (천명)",573,107,41,30,39,15,17,14,4,173,10,11,26,17,17,28,21,5
"2023.08","비경제활동인구 (천명)",16163,3163,1189,808,903,495,479,373,108,4064,447,474,623,532,484,805,1051,169
"2023.08","경제활동참가율 (%)",64.4,62.7,59.4,61.5,65.7,61.4,63.0,61.0,66.6,66.0,66.4,67.0,67.7,65.7,68.2,64.8,63.0,70.9
"2023.08","실업률 (%)",2.0,2.0,2.3,2.3,2.3,1.9,2.1,2.4,1.7,2.2,1.2,1.1,2.0,1.7,1.6,1.9,1.2,1.2
"2023.08","고용률 (%)",63.1,61.4,58.0,60.0,64.2,60.2,61.7,59.6,65.5,64.6,65.6,66.3,66.3,64.6,67.1,63.6,62.2,70.1
"2023.08","15-64세 고용률 (%)",69.6,69.9,66.9,67.9,70.1,65.4,67.6,65.3,68.5,70.9,71.0,71.8,70.8,68.6,71.6,68.0,68.3,75.3
"2023.09","15세이상인구 (천명)",45431,8473,2928,2096,2633,1279,1295,956,323,11974,1328,1436,1930,1552,1522,2289,2837,580
"2023.09","경제활동인구 (천명)",29359,5306,1758,1287,1726,791,823,592,214,7927,879,969,1312,1022,1039,1507,1797,412
"2023.09","취업자 (천명)",28698,5181,1712,1257,1684,775,807,574,210,7724,868,953,1282,1003,1020,1474,1768,406
"2023.09","실업자 (천명)",661,125,46,30,42,16,17,18,4,203,11,16,31,19,19,33,28,6
"2023.09","비경제활동인구 (천명)",16071,3167,1170,809,907,488,472,365,110,4047,449,467,618,530,483,783,1040,168
"2023.09","경제활동참가율 (%)",64.6,62.6,60.0,61.4,65.6,61.8,63.6,61.9,66.1,66.2,66.2,67.5,68.0,65.8,68.2,65.8,63.3,71.0
"2023.09","실업률 (%)",2.3,2.4,2.6,2.3,2.5,2.0,2.0,3.0,1.7,2.6,1.2,1.7,2.3,1.8,1.8,2.2,1.6,1.4
"2023.09","고용률 (%)",63.2,61.1,58.5,60.0,64.0,60.6,62.3,60.0,65.0,64.5,65.4,66.4,66.4,64.6,67.0,64.4,62.3,70.0
"2023.09","15-64세 고용률 (%)",69.6,69.6,67.4,68.0,69.9,65.9,68.3,65.7,67.9,70.8,70.5,71.9,70.7,68.8,71.4,68.6,68.3,75.5
"2023.10","15세이상인구 (천명)",45452,8474,2928,2096,2636,1280,1296,956,324,11986,1328,1437,1933,1552,1522,2289,2836,580
"2023.10","경제활동인구 (천명)",29390,5356,1752,1292,1711,795,822,588,214,7907,880,971,1310,1017,1037,1514,1813,413
"2023.10","취업자 (천명)",28764,5223,1701,1261,1672,776,803,575,211,7748,867,954,1280,999,1018,1486,1783,408
"2023.10","실업자 (천명)",627,134,52,31,39,19,18,14,3,159,13,16,30,19,19,27,30,5
"2023.10","비경제활동인구 (천명)",16062,3118,1176,804,925,485,474,368,110,4079,449,466,622,535,486,775,1024,167
"2023.10","경제활동참가율 (%)",64.7,63.2,59.8,61.7,64.9,62.1,63.4,61.5,66.2,66.0,66.2,67.6,67.8,65.5,68.1,66.1,63.9,71.2
"2023.10","실업률 (%)",2.1,2.5,2.9,2.4,2.3,2.4,2.2,2.3,1.5,2.0,1.4,1.7,2.3,1.8,1.8,1.8,1.6,1.3
"2023.10","고용률 (%)",63.3,61.6,58.1,60.2,63.4,60.6,62.0,60.1,65.1,64.6,65.3,66.4,66.3,64.3,66.9,64.9,62.9,70.3
"2023.10","15-64세 고용률 (%)",69.7,70.2,66.9,68.3,69.2,65.8,68.1,65.8,68.2,70.9,70.7,71.6,70.4,68.5,70.9,69.2,69.0,75.9
"2023.11","15세이상인구 (천명)",45476,8475,2928,2096,2640,1280,1297,956,324,11999,1329,1438,1935,1552,1522,2289,2836,580
"2023.11","경제활동인구 (천명)",29375,5376,1735,1271,1703,798,823,597,210,7942,873,964,1316,1019,1035,1497,1802,414
"2023.11","취업자 (천명)",28698,5230,1683,1238,1661,780,804,580,207,7752,857,946,1285,1003,1016,1475,1772,411
"2023.11","실업자 (천명)",677,146,53,33,42,19,20,17,3,189,16,19,31,16,19,22,30,4
"2023.11","비경제활동인구 (천명)",16101,3099,1193,825,938,481,474,360,114,4057,456,473,619,534,487,791,1034,166
"2023.11","경제활동참가율 (%)",64.6,63.4,59.3,60.6,64.5,62.4,63.5,62.4,64.8,66.2,65.7,67.1,68.0,65.6,68.0,65.4,63.5,71.4
"2023.11","실업률 (%)",2.3,2.7,3.0,2.6,2.5,2.3,2.4,2.8,1.3,2.4,1.8,1.9,2.3,1.5,1.8,1.5,1.7,0.9
"2023.11","고용률 (%)",63.1,61.7,57.5,59.0,62.9,60.9,62.0,60.7,64.0,64.6,64.5,65.8,66.4,64.6,66.8,64.5,62.5,70.8
"2023.11","15-64세 고용률 (%)",69.6,70.2,66.4,67.0,68.9,66.1,68.3,66.0,67.2,71.1,70.1,71.2,70.7,69.0,71.1,69.0,68.5,76.1
"2023.12","15세이상인구 (천명)",45505,8477,2928,2097,2645,1280,1298,957,324,12013,1330,1439,1937,1552,1522,2289,2837,580
"2023.12","경제활동인구 (천명)",29037,5345,1733,1259,1699,798,811,602,207,7867,827,951,1243,995,1019,1477,1795,409
"2023.12","취업자 (천명)",28093,5192,1669,1214,1647,763,783,570,203,7645,784,929,1204,955,987,1414,1735,400
"2023.12","실업자 (천명)",944,153,64,45,52,35,28,32,3,223,43,23,39,40,32,64,60,9
"2023.12","비경제활동인구 (천명)",16468,3132,1195,838,945,482,488,355,117,4146,503,487,695,557,503,811,1042,171
"2023.12","경제활동참가율 (%)",63.8,63.0,59.2,60.0,64.3,62.3,62.4,62.9,63.8,65.5,62.2,66.1,64.1,64.1,66.9,64.6,63.3,70.5
"2023.12","실업률 (%)",3.3,2.9,3.7,3.6,3.1,4.4,3.5,5.3,1.6,2.8,5.2,2.4,3.1,4.0,3.1,4.3,3.3,2.2
"2023.12","고용률 (%)",61.7,61.2,57.0,57.9,62.3,59.6,60.3,59.6,62.8,63.6,59.0,64.6,62.2,61.5,64.8,61.8,61.2,69.0
"2023.12","15-64세 고용률 (%)",69.2,70.1,66.5,66.7,69.4,65.9,67.2,66.0,67.1,70.7,68.1,71.1,68.6,68.0,70.5,68.2,67.9,75.5
"2024.01","15세이상인구 (천명)",45514,8478,2926,2097,2649,1280,1299,956,323,12024,1331,1440,1939,1551,1522,2287,2834,579
"2024.01","경제활동인구 (천명)",28815,5364,1735,1254,1708,805,806,587,208,7735,805,938,1216,983,1011,1465,1784,412
"2024.01","취업자 (천명)",27743,5195,1654,1205,1639,776,778,560,203,7483,755,907,1151,950,970,1400,1716,401
"2024.01","실업자 (천명)",1072,169,81,50,69,29,28,27,5,252,51,30,65,34,41,65,68,11
"2024.01","비경제활동인구 (천명)",16699,3114,1191,842,940,475,493,370,116,4289,525,502,723,568,511,822,1050,168
"2024.01","경제활동참가율 (%)",63.3,63.3,59.3,59.8,64.5,62.9,62.0,61.4,64.2,64.3,60.5,65.1,62.7,63.4,66.4,64.1,62.9,71.1
"2024.01","실업률 (%)",3.7,3.1,4.7,4.0,4.1,3.7,3.4,4.6,2.3,3.3,6.3,3.2,5.3,3.4,4.0,4.4,3.8,2.7
"2024.01","고용률 (%)",61.0,61.3,56.5,57.5,61.9,60.6,59.9,58.5,62.7,62.2,56.7,63.0,59.4,61.2,63.8,61.2,60.6,69.2
"2024.01","15-64세 고용률 (%)",68.7,70.4,66.4,66.1,68.6,66.1,66.7,64.4,67.5,69.8,66.7,70.4,68.2,67.0,70.2,67.0,66.9,75.2
"2024.02","15세이상인구 (천명)",45525,8476,2925,2097,2653,1280,1300,956,323,12032,1330,1440,1942,1551,1522,2286,2833,579
"2024.02","경제활동인구 (천명)",28957,5376,1740,1263,1722,804,817,585,207,7794,811,946,1220,993,1018,1471,1783,409
"2024.02","취업자 (천명)",28043,5219,1684,1213,1658,778,785,560,202,7549,780,918,1173,970,991,1425,1740,398
"2024.02","실업자 (천명)",915,157,55,50,65,25,32,25,4,245,32,28,47,22,27,45,44,11
"2024.02","비경제활동인구 (천명)",16568,3100,1186,834,931,476,483,372,117,4238,519,494,722,558,504,816,1050,170
"2024.02","경제활동참가율 (%)",63.6,63.4,59.5,60.2,64.9,62.8,62.9,61.1,63.9,64.8,61.0,65.7,62.8,64.0,66.9,64.3,62.9,70.7
"2024.02","실업률 (%)",3.2,2.9,3.2,4.0,3.8,3.2,4.0,4.2,2.1,3.1,3.9,3.0,3.9,2.3,2.6,3.1,2.4,2.7
"2024.02","고용률 (%)",61.6,61.6,57.6,57.9,62.5,60.8,60.4,58.6,62.6,62.7,58.6,63.7,60.4,62.6,65.1,62.3,61.4,68.8
"2024.02","15-64세 고용률 (%)",68.7,70.3,66.6,65.8,68.5,66.0,66.8,64.1,67.0,69.9,66.4,70.2,68.3,67.5,70.0,67.3,67.2,74.2
"2024.03","15세이상인구 (천명)",45529,8474,2924,2096,2657,1279,1300,956,323,12039,1329,1441,1944,1550,1522,2285,2832,578
"2024.03","경제활동인구 (천명)",29288,5408,1738,1275,1737,814,817,587,213,7871,844,968,1275,1011,1034,1485,1801,411
"2024.03","취업자 (천명)",28396,5224,1687,1218,1664,791,794,561,209,7643,816,941,1234,992,1011,1445,1766,401
"2024.03","실업자 (천명)",892,184,51,57,74,23,23,25,4,228,28,27,41,19,23,40,35,10
"2024.03","비경제활동인구 (천명)",16242,3066,1186,822,920,465,483,370,110,4167,486,473,669,540,487,801,1031,168
"2024.03","경제활동참가율 (%)",64.3,63.8,59.4,60.8,65.4,63.6,62.9,61.4,65.9,65.4,63.5,67.2,65.6,65.2,68.0,65.0,63.6,71.0
"2024.03","실업률 (%)",3.0,3.4,2.9,4.5,4.2,2.9,2.8,4.3,1.9,2.9,3.4,2.8,3.2,1.9,2.2,2.7,1.9,2.3
"2024.03","고용률 (%)",62.4,61.6,57.7,58.1,62.6,61.8,61.1,58.7,64.7,63.5,61.3,65.3,63.5,64.0,66.5,63.2,62.4,69.4
"2024.03","15-64세 고용률 (%)",69.1,70.4,66.7,65.8,68.7,66.8,67.6,64.0,68.3,70.1,67.9,71.0,69.4,68.7,71.1,67.6,68.1,75.0
"2024.04","15세이상인구 (천명)",45539,8472,2923,2096,2661,1279,1301,956,323,12047,1329,1441,1946,1550,1522,2285,2831,578
"2024.04","경제활동인구 (천명)",29578,5448,1738,1268,1742,809,817,593,213,7960,884,988,1322,1024,1041,1507,1814,410
"2024.04","취업자 (천명)",28693,5252,1688,1227,1682,787,792,571,210,7713,863,968,1280,998,1016,1471,1775,400
"2024.04","실업자 (천명)",885,196,50,41,61,22,25,22,3,248,21,20,41,26,25,36,39,10
"2024.04","비경제활동인구 (천명)",15961,3025,1185,829,919,470,483,363,109,4086,445,453,625,526,480,778,1017,168
"2024.04","경제활동참가율 (%)",65.0,64.3,59.5,60.5,65.5,63.2,62.8,62.0,66.1,66.1,66.5,68.6,67.9,66.1,68.4,65.9,64.1,71.0
"2024.04","실업률 (%)",3.0,3.6,2.9,3.2,3.5,2.7,3.0,3.7,1.4,3.1,2.4,2.0,3.1,2.6,2.4,2.4,2.2,2.5
"2024.04","고용률 (%)",63.0,62.0,57.8,58.5,63.2,61.5,60.9,59.7,65.2,64.0,64.9,67.2,65.8,64.4,66.8,64.4,62.7,69.2
"2024.04","15-64세 고용률 (%)",69.6,70.6,66.5,66.2,69.4,66.7,67.4,65.2,68.8,70.5,70.6,72.6,70.4,69.0,71.2,68.8,68.5,74.7
"2024.05","15세이상인구 (천명)",45543,8470,2921,2096,2665,1278,1301,956,322,12053,1328,1442,1949,1549,1521,2284,2830,578
"2024.05","경제활동인구 (천명)",29799,5446,1746,1282,1754,809,827,608,216,8041,897,989,1334,1037,1041,1539,1821,413
"2024.05","취업자 (천명)",28915,5249,1686,1231,1694,783,799,585,212,7825,878,970,1289,1010,1021,1492,1789,404
"2024.05","실업자 (천명)",884,197,61,51,60,26,28,23,4,216,19,19,45,27,20,47,33,9
"2024.05","비경제활동인구 (천명)",15744,3024,1175,815,911,469,474,348,106,4012,431,453,614,513,480,745,1009,165
"2024.05","경제활동참가율 (%)",65.4,64.3,59.8,61.1,65.8,63.3,63.5,63.6,67.1,66.7,67.5,68.6,68.5,66.9,68.4,67.4,64.4,71.5
"2024.05","실업률 (%)",3.0,3.6,3.5,4.0,3.4,3.2,3.4,3.8,2.0,2.7,2.1,2.0,3.4,2.6,1.9,3.0,1.8,2.1
"2024.05","고용률 (%)",63.5,62.0,57.7,58.7,63.6,61.3,61.4,61.2,65.8,64.9,66.1,67.2,66.2,65.2,67.1,65.3,63.2,70.0
"2024.05","15-64세 고용률 (%)",70.0,70.6,66.3,66.0,69.8,66.3,68.1,67.2,69.2,71.3,71.7,72.8,70.5,69.5,71.1,69.7,68.9,75.5
"2024.06","15세이상인구 (천명)",45550,8468,2920,2096,2669,1278,1302,956,322,12060,1327,1442,1951,1549,1521,2283,2829,577
"2024.06","경제활동인구 (천명)",29764,5424,1751,1269,1755,808,825,599,216,8052,898,994,1339,1030,1041,1530,1820,413
"2024.06","취업자 (천명)",28907,5243,1701,1223,1691,787,802,577,212,7825,875,975,1300,1005,1013,1490,1784,404
"2024.06","실업자 (천명)",857,180,50,46,64,21,23,22,4,227,23,20,39,25,28,40,35,9
"2024.06","비경제활동인구 (천명)",15786,3044,1169,827,914,470,476,357,106,4008,429,448,612,519,480,753,1009,165
"2024.06","경제활동참가율 (%)",65.3,64.0,60.0,60.5,65.8,63.2,63.4,62.6,67.1,66.8,67.7,68.9,68.6,66.5,68.4,67.0,64.3,71.5
"2024.06","실업률 (%)",2.9,3.3,2.8,3.6,3.7,2.6,2.8,3.6,1.9,2.8,2.5,2.0,2.9,2.4,2.7,2.6,1.9,2.1
"2024.06","고용률 (%)",63.5,61.9,58.3,58.3,63.4,61.5,61.6,60.4,65.9,64.9,66.0,67.6,66.6,64.9,66.6,65.3,63.1,70.0
"2024.06","15-64세 고용률 (%)",69.9,70.6,66.8,65.9,69.6,66.8,68.4,66.3,69.2,71.1,71.6,73.0,70.7,69.1,70.5,69.6,68.9,75.1
"2024.07","15세이상인구 (천명)",45590,8471,2920,2097,2674,1279,1303,957,322,12078,1329,1444,1954,1549,1521,2284,2830,578
"2024.07","경제활동인구 (천명)",29594,5373,1756,1253,1762,804,817,598,217,8019,899,987,1319,1029,1042,1513,1794,412
"2024.07","취업자 (천명)",28857,5236,1705,1216,1712,784,793,574,213,7828,883,965,1284,1009,1015,1483,1756,402
"2024.07","실업자 (천명)",737,138,51,37,50,19,24,23,4,191,17,22,36,20,26,30,39,10
"2024.07","비경제활동인구 (천명)",15996,3098,1164,844,912,475,486,359,106,4059,430,456,635,521,480,771,1036,165
"2024.07","경제활동참가율 (%)",64.9,63.4,60.1,59.7,65.9,62.9,62.7,62.5,67.2,66.4,67.7,68.4,67.5,66.4,68.5,66.2,63.4,71.4
"2024.07","실업률 (%)",2.5,2.6,2.9,2.9,2.9,2.4,2.9,3.9,1.8,2.4,1.8,2.2,2.7,1.9,2.5,2.0,2.2,2.5
"2024.07","고용률 (%)",63.3,61.8,58.4,58.0,64.0,61.3,60.9,60.0,66.0,64.8,66.4,66.9,65.7,65.1,66.7,64.9,62.0,69.6
"2024.07","15-64세 고용률 (%)",69.8,70.4,67.2,65.3,70.3,66.8,67.6,65.9,69.4,71.1,72.3,72.4,70.0,69.3,71.1,69.4,67.5,74.3
"2024.08","15세이상인구 (천명)",45576,8467,2918,2096,2676,1278,1302,956,322,12081,1327,1443,1955,1548,1520,2283,2828,577
"2024.08","경제활동인구 (천명)",29365,5360,1738,1245,1763,788,800,590,215,7944,886,975,1321,1017,1031,1501,1783,408
"2024.08","취업자 (천명)",28801,5232,1700,1213,1727,767,784,574,211,7813,878,963,1295,1002,1012,1474,1757,402
"2024.08","실업자 (천명)",564,128,38,32,36,21,16,17,4,131,9,12,27,15,20,27,26,6
"2024.08","비경제활동인구 (천명)",16211,3107,1180,851,914,489,502,366,108,4137,440,469,633,531,488,782,1046,169
"2024.08","경제활동참가율 (%)",64.4,63.3,59.5,59.4,65.9,61.7,61.4,61.7,66.6,65.8,66.8,67.5,67.6,65.7,67.9,65.8,63.0,70.7
"2024.08","실업률 (%)",1.9,2.4,2.2,2.5,2.0,2.7,2.0,2.8,1.8,1.7,1.0,1.2,2.0,1.5,1.9,1.8,1.4,1.5
"2024.08","고용률 (%)",63.2,61.8,58.2,57.9,64.5,60.0,60.2,60.0,65.4,64.7,66.2,66.7,66.2,64.7,66.6,64.6,62.1,69.6
"2024.08","15-64세 고용률 (%)",69.8,70.6,67.1,65.4,71.2,65.3,66.9,66.1,68.7,71.2,72.2,72.0,70.9,69.1,71.1,69.1,67.8,74.4
"2024.09","15세이상인구 (천명)",45590,8466,2917,2095,2680,1278,1302,957,323,12091,1326,1444,1957,1547,1519,2282,2828,577
"2024.09","경제활동인구 (천명)",29464,5384,1739,1251,1765,786,804,601,217,7992,883,973,1326,1013,1028,1505,1792,407
"2024.09","취업자 (천명)",28842,5245,1700,1216,1733,768,786,579,214,7828,874,956,1300,997,1010,1481,1757,400
"2024.09","실업자 (천명)",622,138,39,35,32,19,17,22,4,164,10,17,26,16,18,24,35,7
"2024.09","비경제활동인구 (천명)",16125,3083,1178,844,915,491,499,356,105,4099,443,470,631,535,491,777,1037,170
"2024.09","경제활동참가율 (%)",64.6,63.6,59.6,59.7,65.9,61.5,61.7,62.8,67.3,66.1,66.6,67.4,67.7,65.5,67.7,66.0,63.3,70.5
"2024.09","실업률 (%)",2.1,2.6,2.2,2.8,1.8,2.4,2.2,3.6,1.8,2.1,1.1,1.7,1.9,1.6,1.8,1.6,1.9,1.6
"2024.09","고용률 (%)",63.3,62.0,58.3,58.0,64.7,60.1,60.4,60.5,66.2,64.7,65.9,66.2,66.4,64.4,66.5,64.9,62.1,69.3
"2024.09","15-64세 고용률 (%)",69.9,70.7,67.2,65.3,71.2,65.4,66.9,66.8,69.7,71.2,71.7,71.3,71.0,68.9,70.8,69.3,67.9,74.3
"2024.10","15세이상인구 (천명)",45607,8467,2916,2095,2684,1278,1303,957,323,12103,1326,1444,1959,1547,1518,2282,2829,577
"2024.10","경제활동인구 (천명)",29525,5398,1733,1253,1773,784,804,598,218,7998,890,975,1334,1018,1036,1509,1800,406
"2024.10","취업자 (천명)",28847,5247,1699,1215,1731,764,784,580,214,7812,879,956,1308,1002,1010,1483,1765,400
"2024.10","실업자 (천명)",678,151,34,38,43,20,20,18,4,186,11,18,26,16,26,26,35,7
"2024.10","비경제활동인구 (천명)",16082,3069,1183,842,911,494,499,359,105,4105,436,470,625,529,483,774,1029,171
"2024.10","경제활동참가율 (%)",64.7,63.8,59.4,59.8,66.1,61.3,61.7,62.5,67.4,66.1,67.1,67.5,68.1,65.8,68.2,66.1,63.6,70.4
"2024.10","실업률 (%)",2.3,2.8,1.9,3.0,2.4,2.6,2.5,3.0,1.7,2.3,1.2,1.9,1.9,1.6,2.5,1.7,1.9,1.7
"2024.10","고용률 (%)",63.3,62.0,58.3,58.0,64.5,59.8,60.2,60.6,66.3,64.5,66.3,66.2,66.8,64.8,66.5,65.0,62.4,69.3
"2024.10","15-64세 고용률 (%)",69.8,70.5,67.3,65.1,70.9,65.0,66.4,67.1,69.7,71.1,72.0,71.4,71.3,69.3,71.0,69.7,68.2,74.5
"2024.11","15세이상인구 (천명)",45628,8467,2915,2095,2688,1278,1303,957,323,12116,1327,1445,1961,1547,1518,2282,2829,577
"2024.11","경제활동인구 (천명)",29477,5362,1732,1255,1780,787,819,594,219,7968,888,977,1332,1008,1041,1504,1804,408
"2024.11","취업자 (천명)",28821,5217,1696,1218,1726,766,796,579,215,7802,877,959,1305,991,1016,1484,1775,401
"2024.11","실업자 (천명)",656,146,36,37,54,22,23,16,4,166,11,18,27,16,25,20,30,7
"2024.11","비경제활동인구 (천명)",16151,3105,1183,841,908,491,484,363,105,4148,439,468,629,539,477,779,1025,169
"2024.11","경제활동참가율 (%)",64.6,63.3,59.4,59.9,66.2,61.6,62.9,62.1,67.7,65.8,66.9,67.6,67.9,65.1,68.6,65.9,63.8,70.7
"2024.11","실업률 (%)",2.2,2.7,2.1,2.9,3.0,2.8,2.8,2.6,1.9,2.1,1.3,1.9,2.0,1.6,2.4,1.3,1.6,1.7
"2024.11","고용률 (%)",63.2,61.6,58.2,58.1,64.2,59.9,61.1,60.5,66.4,64.4,66.1,66.4,66.5,64.1,66.9,65.0,62.7,69.5
"2024.11","15-64세 고용률 (%)",69.9,70.1,67.3,65.5,70.8,65.2,67.4,67.2,69.9,71.0,71.9,71.7,71.8,68.9,71.3,70.0,68.7,74.6
"2024.12","15세이상인구 (천명)",45653,8468,2915,2096,2692,1278,1304,958,324,12129,1327,1446,1964,1547,1517,2283,2830,577
"2024.12","경제활동인구 (천명)",29156,5370,1729,1234,1776,784,811,593,215,7880,826,957,1288,996,1026,1473,1790,410
"2024.12","취업자 (천명)",28041,5180,1654,1190,1698,742,776,567,211,7667,768,927,1251,924,966,1413,1715,393
"2024.12","실업자 (천명)",1115,190,75,44,78,42,35,26,4,214,58,30,37,71,60,59,74,18
"2024.12","비경제활동인구 (천명)",16498,3099,1186,862,917,494,492,365,108,4249,501,489,676,551,492,810,1040,167
"2024.12","경제활동참가율 (%)",63.9,63.4,59.3,58.9,65.9,61.3,62.2,61.9,66.5,65.0,62.2,66.2,65.6,64.4,67.6,64.5,63.2,71.1
"2024.12","실업률 (%)",3.8,3.5,4.3,3.5,4.4,5.3,4.4,4.3,1.9,2.7,7.1,3.1,2.9,7.2,5.8,4.0,4.1,4.3
"2024.12","고용률 (%)",61.4,61.2,56.7,56.8,63.1,58.1,59.5,59.2,65.3,63.2,57.8,64.1,63.7,59.8,63.7,61.9,60.6,68.1
"2024.12","15-64세 고용률 (%)",69.4,70.0,67.0,65.2,70.5,65.3,66.5,66.9,69.9,70.5,69.2,71.5,70.8,67.9,70.3,69.1,68.0,74.7
"2025.01","15세이상인구 (천명)",45674,8465,2914,2096,2694,1278,1304,958,324,12142,1327,1447,1966,1547,1518,2283,2832,577
"2025.01","경제활동인구 (천명)",28961,5326,1721,1236,1747,791,818,582,213,7832,820,955,1263,984,1014,1459,1794,406
"2025.01","취업자 (천명)",27878,5101,1637,1186,1681,759,785,564,207,7600,769,923,1213,938,962,1409,1748,396
"2025.01","실업자 (천명)",1083,225,85,49,65,32,33,18,6,233,51,32,51,46,52,50,46,11
"2025.01","비경제활동인구 (천명)",16713,3139,1192,860,948,487,487,376,111,4310,507,492,703,564,504,824,1038,171
"2025.01","경제활동참가율 (%)",63.4,62.9,59.1,59.0,64.8,61.9,62.7,60.7,65.8,64.5,61.8,66.0,64.3,63.6,66.8,63.9,63.4,70.4
"2025.01","실업률 (%)",3.7,4.2,4.9,4.0,3.7,4.0,4.0,3.1,2.7,3.0,6.3,3.3,4.0,4.7,5.1,3.4,2.6,2.6
"2025.01","고용률 (%)",61.0,60.3,56.2,56.6,62.4,59.4,60.2,58.9,64.0,62.6,57.9,63.8,61.7,60.6,63.4,61.7,61.7,68.5
"2025.01","15-64세 고용률 (%)",68.8,69.1,66.3,65.0,69.8,65.2,66.8,66.2,68.9,70.3,67.9,71.6,69.9,67.3,69.2,67.9,68.2,74.4
"2025.02","15세이상인구 (천명)",45694,8461,2913,2096,2697,1278,1305,959,325,12155,1328,1448,1969,1547,1518,2284,2834,577
"2025.02","경제활동인구 (천명)",29119,5372,1733,1242,1762,791,828,587,213,7862,821,960,1274,984,1016,1465,1799,408
"2025.02","취업자 (천명)",28179,5121,1679,1196,1696,764,801,574,206,7659,800,935,1227,958,983,1419,1760,399
"2025.02","실업자 (천명)",940,251,54,46,66,27,28,13,7,203,21,25,47,25,33,46,38,9
"2025.02","비경제활동인구 (천명)",16575,3089,1179,853,935,487,477,372,112,4293,507,488,695,564,503,819,1035,169
"2025.02","경제활동참가율 (%)",63.7,63.5,59.5,59.3,65.3,61.9,63.5,61.2,65.5,64.7,61.8,66.3,64.7,63.6,66.9,64.1,63.5,70.8
"2025.02","실업률 (%)",3.2,4.7,3.1,3.7,3.7,3.4,3.4,2.2,3.2,2.6,2.5,2.6,3.7,2.6,3.2,3.2,2.1,2.3
"2025.02","고용률 (%)",61.7,60.5,57.7,57.1,62.9,59.8,61.4,59.8,63.4,63.0,60.3,64.6,62.3,61.9,64.8,62.1,62.1,69.2
"2025.02","15-64세 고용률 (%)",68.9,69.0,66.8,64.9,69.8,64.9,67.9,66.6,68.0,70.4,67.9,71.0,69.4,67.3,69.6,67.5,68.2,74.2
"2025.03","15세이상인구 (천명)",45708,8456,2912,2095,2700,1278,1305,960,325,12167,1327,1449,1972,1547,1519,2284,2836,577
"2025.03","경제활동인구 (천명)",29507,5361,1748,1256,1767,797,831,583,217,8024,850,994,1327,997,1023,1505,1823,406
"2025.03","취업자 (천명)",28589,5116,1699,1220,1708,772,804,570,210,7794,828,973,1280,971,1000,1464,1784,397
"2025.03","실업자 (천명)",918,245,49,35,59,25,27,14,7,230,22,21,47,27,24,41,39,9
"2025.03","비경제활동인구 (천명)",16201,3095,1164,840,933,481,475,376,108,4143,478,455,645,550,496,779,1013,171
"2025.03","경제활동참가율 (%)",64.6,63.4,60.0,59.9,65.4,62.3,63.6,60.8,66.6,65.9,64.0,68.6,67.3,64.4,67.4,65.9,64.3,70.3
"2025.03","실업률 (%)",3.1,4.6,2.8,2.8,3.3,3.1,3.2,2.4,3.0,2.9,2.6,2.1,3.5,2.7,2.3,2.7,2.1,2.3
"2025.03","고용률 (%)",62.5,60.5,58.4,58.2,63.3,60.4,61.6,59.3,64.6,64.1,62.3,67.1,64.9,62.7,65.8,64.1,62.9,68.7
"2025.03","15-64세 고용률 (%)",69.3,69.0,67.6,65.9,70.1,65.3,67.9,65.9,68.3,70.8,68.5,72.8,70.7,67.6,70.4,68.7,69.0,72.9
"2025.04","15세이상인구 (천명)",45720,8450,2910,2095,2702,1277,1306,960,326,12178,1327,1450,1974,1547,1519,2284,2838,577
"2025.04","경제활동인구 (천명)",29741,5391,1747,1270,1769,800,834,595,218,8075,894,1004,1350,1004,1029,1525,1828,409
"2025.04","취업자 (천명)",28887,5181,1709,1223,1712,772,811,581,214,7849,877,984,1311,977,1008,1485,1794,399
"2025.04","실업자 (천명)",854,211,38,47,57,28,23,14,4,226,17,20,39,27,21,40,34,10
"2025.04","비경제활동인구 (천명)",15979,3059,1164,825,934,477,471,365,108,4103,433,447,624,543,490,759,1010,168
"2025.04","경제활동참가율 (%)",65.1,63.8,60.0,60.6,65.5,62.6,63.9,62.0,67.0,66.3,67.4,69.2,68.4,64.9,67.7,66.8,64.4,70.9
"2025.04","실업률 (%)",2.9,3.9,2.2,3.7,3.2,3.5,2.7,2.4,1.7,2.8,1.9,2.0,2.9,2.6,2.0,2.6,1.8,2.4
"2025.04","고용률 (%)",63.2,61.3,58.7,58.4,63.4,60.4,62.1,60.5,65.8,64.5,66.1,67.9,66.4,63.2,66.4,65.0,63.2,69.2
"2025.04","15-64세 고용률 (%)",69.9,69.6,68.2,66.0,69.9,65.4,68.4,67.1,69.1,71.1,71.5,73.3,72.1,68.1,71.2,69.3,69.3,73.6
"2025.05","15세이상인구 (천명)",45734,8445,2909,2095,2705,1277,1306,961,326,12189,1327,1451,1977,1547,1519,2284,2839,577
"2025.05","경제활동인구 (천명)",30012,5461,1766,1271,1789,809,844,596,219,8117,904,1012,1371,1016,1041,1548,1836,413
"2025.05","취업자 (천명)",29160,5253,1716,1230,1728,782,818,581,214,7909,889,993,1333,990,1013,1502,1803,406
"2025.05","실업자 (천명)",853,207,50,41,61,27,26,15,5,208,15,18,38,26,28,47,33,7
"2025.05","비경제활동인구 (천명)",15722,2985,1143,824,916,468,462,365,107,4073,422,440,607,530,478,736,1003,163
"2025.05","경제활동참가율 (%)",65.6,64.7,60.7,60.7,66.1,63.4,64.6,62.0,67.2,66.6,68.2,69.7,69.3,65.7,68.5,67.8,64.7,71.7
"2025.05","실업률 (%)",2.8,3.8,2.8,3.2,3.4,3.3,3.0,2.6,2.2,2.6,1.7,1.8,2.8,2.6,2.7,3.0,1.8,1.7
"2025.05","고용률 (%)",63.8,62.2,59.0,58.7,63.9,61.3,62.6,60.4,65.7,64.9,67.0,68.5,67.4,64.0,66.7,65.7,63.5,70.4
"2025.05","15-64세 고용률 (%)",70.5,70.6,68.3,66.4,69.9,66.5,68.9,67.0,69.2,71.7,72.2,74.1,72.9,68.9,71.0,69.9,69.5,74.9
"2025.06","15세이상인구 (천명)",45743,8439,2908,2094,2707,1277,1306,961,327,12199,1326,1452,1980,1546,1519,2284,2841,577
"2025.06","경제활동인구 (천명)",29915,5410,1762,1262,1791,807,841,598,219,8092,904,1002,1363,1016,1043,1556,1833,417
"2025.06","취업자 (천명)",29091,5222,1717,1222,1734,781,817,586,213,7884,887,986,1325,994,1016,1500,1798,409
"2025.06","실업자 (천명)",825,188,45,40,58,25,24,12,6,208,17,17,38,22,27,55,35,8
"2025.06","비경제활동인구 (천명)",15828,3030,1146,832,916,470,465,363,108,4107,423,450,617,530,477,729,1008,159
"2025.06","경제활동참가율 (%)",65.4,64.1,60.6,60.3,66.2,63.2,64.4,62.2,67.0,66.3,68.1,69.0,68.9,65.7,68.6,68.1,64.5,72.4
"2025.06","실업률 (%)",2.8,3.5,2.6,3.2,3.2,3.1,2.9,2.1,2.5,2.6,1.8,1.6,2.8,2.2,2.5,3.5,1.9,2.0
"2025.06","고용률 (%)",63.6,61.9,59.0,58.4,64.0,61.2,62.6,60.9,65.3,64.6,66.9,67.9,66.9,64.3,66.9,65.7,63.3,70.9
"2025.06","15-64세 고용률 (%)",70.3,70.4,68.5,65.7,70.2,66.5,68.8,67.5,68.5,71.4,72.2,73.5,72.5,69.3,71.2,70.1,69.5,75.4
"2025.07","15세이상인구 (천명)",45758,8441,2907,2094,2711,1276,1307,961,327,12209,1326,1453,1981,1546,1520,2284,2841,577
"2025.07","경제활동인구 (천명)",29754,5415,1748,1247,1765,807,841,596,216,8034,904,997,1357,1019,1031,1538,1827,411
"2025.07","취업자 (천명)",29029,5264,1709,1211,1719,783,821,585,211,7842,882,984,1320,1000,1004,1502,1790,404
"2025.07","실업자 (천명)",726,151,39,36,47,24,20,11,5,192,21,13,37,19,28,37,37,7
"2025.07","비경제활동인구 (천명)",16004,3026,1158,847,946,469,466,366,111,4175,422,456,623,527,489,745,1014,165
"2025.07","경제활동참가율 (%)",65.0,64.2,60.1,59.6,65.1,63.3,64.4,62.0,66.2,65.8,68.2,68.6,68.5,65.9,67.9,67.4,64.3,71.4
"2025.07","실업률 (%)",2.4,2.8,2.2,2.9,2.7,3.0,2.4,1.8,2.4,2.4,2.4,1.3,2.7,1.9,2.7,2.4,2.0,1.8
"2025.07","고용률 (%)",63.4,62.4,58.8,57.8,63.4,61.4,62.8,60.8,64.6,64.2,66.6,67.7,66.7,64.7,66.0,65.8,63.0,70.1
"2025.07","15-64세 고용률 (%)",70.2,70.8,68.4,65.2,69.4,66.5,69.3,67.7,67.9,71.2,71.7,73.3,72.3,69.6,70.3,70.5,69.5,74.6
"2025.08","15세이상인구 (천명)",45779,8442,2906,2094,2715,1275,1308,961,328,12221,1325,1454,1982,1546,1520,2283,2843,577
"2025.08","경제활동인구 (천명)",29559,5374,1731,1240,1763,805,833,584,217,7966,890,998,1330,1017,1025,1543,1836,408
"2025.08","취업자 (천명)",28967,5261,1693,1213,1720,787,817,575,213,7783,877,991,1307,1001,1004,1516,1809,403
"2025.08","실업자 (천명)",592,113,37,27,43,18,17,9,4,184,14,8,23,16,22,26,27,5
"2025.08","비경제활동인구 (천명)",16220,3068,1175,854,952,470,475,378,111,4254,435,456,652,529,495,741,1006,169
"2025.08","경제활동참가율 (%)",64.6,63.7,59.6,59.2,64.9,63.1,63.7,60.7,66.1,65.2,67.2,68.7,67.1,65.8,67.4,67.6,64.6,70.7
"2025.08","실업률 (%)",2.0,2.1,2.1,2.1,2.4,2.2,2.0,1.5,1.8,2.3,1.5,0.8,1.7,1.6,2.1,1.7,1.5,1.3
"2025.08","고용률 (%)",63.3,62.3,58.3,57.9,63.4,61.7,62.4,59.8,64.9,63.7,66.2,68.2,65.9,64.7,66.0,66.4,63.6,69.8
"2025.08","15-64세 고용률 (%)",69.9,70.7,68.0,65.2,69.4,66.8,68.8,66.6,68.4,70.3,71.1,73.7,71.3,69.6,70.5,71.3,70.1,74.3
"2025.09","15세이상인구 (천명)",45797,8444,2904,2094,2718,1275,1308,961,328,12231,1325,1455,1983,1546,1521,2283,2843,576
"2025.09","경제활동인구 (천명)",29788,5391,1749,1260,1790,809,842,587,218,8020,899,1006,1353,1025,1032,1550,1849,408
"2025.09","취업자 (천명)",29154,5254,1714,1224,1753,787,823,578,212,7834,887,996,1326,1008,1007,1525,1823,402
"2025.09","실업자 (천명)",635,137,35,36,37,22,18,10,5,186,12,10,27,17,25,26,26,6
"2025.09","비경제활동인구 (천명)",16009,3053,1156,834,928,466,467,374,111,4211,426,449,630,521,489,733,994,168
"2025.09","경제활동참가율 (%)",65.0,63.8,60.2,60.2,65.8,63.5,64.3,61.1,66.3,65.6,67.8,69.1,68.2,66.3,67.8,67.9,65.0,70.8
"2025.09","실업률 (%)",2.1,2.5,2.0,2.8,2.1,2.7,2.2,1.7,2.3,2.3,1.4,1.0,2.0,1.7,2.4,1.7,1.4,1.5
"2025.09","고용률 (%)",63.7,62.2,59.0,58.5,64.5,61.7,62.9,60.1,64.7,64.1,66.9,68.5,66.9,65.2,66.2,66.8,64.1,69.8
"2025.09","15-64세 고용률 (%)",70.4,70.7,68.7,66.0,70.7,67.0,69.1,66.8,67.9,70.7,72.0,74.0,72.0,70.1,70.6,72.0,70.9,74.3
